0,0.012758
9.7656e-05,0.013976
0.00019531,0.018961
0.00029297,0.033387
0.00039063,0.036184
0.00048828,0.03655
0.00058594,0.037497
0.00068359,0.038455
0.00078125,0.032289
0.00087891,0.033439
0.00097656,0.03449
0.0010742,0.035543
0.0011719,0.036663
0.0012695,0.033051
0.0013672,0.034009
0.0014648,0.035035
0.0015625,0.036037
0.0016602,0.035415
0.0017578,0.035306
0.0018555,0.034844
0.0019531,0.035718
0.0020508,0.035844
0.0021484,0.035778
0.0022461,0.035636
0.0023438,0.035752
0.0024414,0.035907
0.0025391,0.036041
0.0026367,0.036208
0.0027344,0.036017
0.002832,0.036119
0.0029297,0.036261
0.0030273,0.036375
0.003125,0.036522
0.0032227,0.036312
0.0033203,0.036402
0.003418,0.036537
0.0035156,0.036636
0.0036133,0.036769
0.0037109,0.036555
0.0038086,0.036631
0.0039063,0.036751
0.0040039,0.036846
0.0041016,0.03698
0.0041992,0.036742
0.0042969,0.036816
0.0043945,0.036933
0.0044922,0.037024
0.0045898,0.037149
0.0046875,0.036903
0.0047852,0.036982
0.0048828,0.037091
0.0049805,0.037176
0.0050781,0.037307
0.0051758,0.037061
0.0052734,0.037128
0.0053711,0.037235
0.0054687,0.037324
0.0055664,0.037443
0.0056641,0.037189
0.0057617,0.037261
0.0058594,0.037366
0.005957,0.037455
0.0060547,0.037577
0.0061523,0.037313
0.00625,0.037386
0.0063477,0.037493
0.0064453,0.037578
0.006543,0.037698
0.0066406,0.037433
0.0067383,0.037505
0.0068359,0.037609
0.0069336,0.037695
0.0070312,0.037813
0.0071289,0.03755
0.0072266,0.037619
0.0073242,0.037724
0.0074219,0.037809
0.0075195,0.037926
0.0076172,0.037656
0.0077148,0.037728
0.0078125,0.037833
0.0079102,0.03792
0.0080078,0.038035
0.0081055,0.037763
0.0082031,0.037835
0.0083008,0.037939
0.0083984,0.038024
0.0084961,0.03814
0.0085937,0.037866
0.0086914,0.037938
0.0087891,0.038042
0.0088867,0.038127
0.0089844,0.038242
0.009082,0.037966
0.0091797,0.038039
0.0092773,0.038142
0.009375,0.038229
0.0094727,0.038344
0.0095703,0.038067
0.009668,0.03814
0.0097656,0.038243
0.0098633,0.038328
0.0099609,0.038443
0.010059,0.038165
0.010156,0.038238
0.010254,0.038341
0.010352,0.038426
0.010449,0.03854
0.010547,0.038261
0.010645,0.038334
0.010742,0.038437
0.01084,0.038522
0.010937,0.038635
0.011035,0.038356
0.011133,0.038431
0.01123,0.038533
0.011328,0.038618
0.011426,0.038731
0.011523,0.03845
0.011621,0.038524
0.011719,0.038626
0.011816,0.038711
0.011914,0.038823
0.012012,0.038542
0.012109,0.038616
0.012207,0.038718
0.012305,0.038802
0.012402,0.038915
0.0125,0.038633
0.012598,0.038708
0.012695,0.038809
0.012793,0.038893
0.012891,0.039006
0.012988,0.038724
0.013086,0.038798
0.013184,0.038899
0.013281,0.038983
0.013379,0.039094
0.013477,0.038813
0.013574,0.038887
0.013672,0.038987
0.01377,0.039071
0.013867,0.039182
0.013965,0.0389
0.014062,0.038974
0.01416,0.039074
0.014258,0.039158
0.014355,0.039269
0.014453,0.038988
0.014551,0.039062
0.014648,0.039161
0.014746,0.039245
0.014844,0.039355
0.014941,0.039073
0.015039,0.039147
0.015137,0.039246
0.015234,0.03933
0.015332,0.039439
0.01543,0.039158
0.015527,0.039231
0.015625,0.03933
0.015723,0.039414
0.01582,0.039523
0.015918,0.039242
0.016016,0.039315
0.016113,0.039414
0.016211,0.039498
0.016309,0.039606
0.016406,0.039325
0.016504,0.039398
0.016602,0.039496
0.016699,0.03958
0.016797,0.039687
0.016895,0.039407
0.016992,0.03948
0.01709,0.039578
0.017187,0.039661
0.017285,0.039768
0.017383,0.039488
0.01748,0.039561
0.017578,0.039658
0.017676,0.039741
0.017773,0.039848
0.017871,0.039568
0.017969,0.039642
0.018066,0.039738
0.018164,0.039821
0.018262,0.039927
0.018359,0.039648
0.018457,0.039721
0.018555,0.039817
0.018652,0.039899
0.01875,0.040005
0.018848,0.039726
0.018945,0.039799
0.019043,0.039895
0.019141,0.039978
0.019238,0.040083
0.019336,0.039804
0.019434,0.039877
0.019531,0.039973
0.019629,0.040055
0.019727,0.04016
0.019824,0.039882
0.019922,0.039954
0.02002,0.04005
0.020117,0.040131
0.020215,0.040235
0.020313,0.039958
0.02041,0.04003
0.020508,0.040125
0.020605,0.040207
0.020703,0.04031
0.020801,0.040033
0.020898,0.040106
0.020996,0.040201
0.021094,0.040282
0.021191,0.040385
0.021289,0.040109
0.021387,0.040181
0.021484,0.040275
0.021582,0.040356
0.02168,0.040459
0.021777,0.040183
0.021875,0.040255
0.021973,0.040349
0.02207,0.04043
0.022168,0.040532
0.022266,0.040257
0.022363,0.040329
0.022461,0.040423
0.022559,0.040503
0.022656,0.040605
0.022754,0.040331
0.022852,0.040402
0.022949,0.040495
0.023047,0.040575
0.023145,0.040677
0.023242,0.040403
0.02334,0.040474
0.023438,0.040567
0.023535,0.040647
0.023633,0.040748
0.02373,0.040475
0.023828,0.040546
0.023926,0.040638
0.024023,0.040718
0.024121,0.040818
0.024219,0.040546
0.024316,0.040617
0.024414,0.040709
0.024512,0.040788
0.024609,0.040889
0.024707,0.040617
0.024805,0.040688
0.024902,0.040779
0.025,0.040858
0.025098,0.040958
0.025195,0.040687
0.025293,0.040758
0.025391,0.040849
0.025488,0.040927
0.025586,0.041027
0.025684,0.040757
0.025781,0.040827
0.025879,0.040918
0.025977,0.040997
0.026074,0.041096
0.026172,0.040826
0.02627,0.040896
0.026367,0.040987
0.026465,0.041065
0.026563,0.041163
0.02666,0.040895
0.026758,0.040964
0.026855,0.041055
0.026953,0.041133
0.027051,0.041231
0.027148,0.040963
0.027246,0.041032
0.027344,0.041122
0.027441,0.0412
0.027539,0.041297
0.027637,0.041031
0.027734,0.0411
0.027832,0.041189
0.02793,0.041267
0.028027,0.041364
0.028125,0.041098
0.028223,0.041167
0.02832,0.041256
0.028418,0.041333
0.028516,0.04143
0.028613,0.041164
0.028711,0.041233
0.028809,0.041322
0.028906,0.041399
0.029004,0.041495
0.029102,0.041231
0.029199,0.041299
0.029297,0.041388
0.029395,0.041464
0.029492,0.04156
0.02959,0.041296
0.029688,0.041365
0.029785,0.041453
0.029883,0.041529
0.02998,0.041625
0.030078,0.041361
0.030176,0.04143
0.030273,0.041517
0.030371,0.041593
0.030469,0.041689
0.030566,0.041426
0.030664,0.041494
0.030762,0.041582
0.030859,0.041658
0.030957,0.041753
0.031055,0.041491
0.031152,0.041559
0.03125,0.041646
0.031348,0.041721
0.031445,0.041816
0.031543,0.041555
0.031641,0.041622
0.031738,0.041709
0.031836,0.041784
0.031934,0.041878
0.032031,0.041618
0.032129,0.041686
0.032227,0.041772
0.032324,0.041847
0.032422,0.041941
0.03252,0.041681
0.032617,0.041749
0.032715,0.041835
0.032813,0.04191
0.03291,0.042003
0.033008,0.041744
0.033105,0.041811
0.033203,0.041897
0.033301,0.041971
0.033398,0.042064
0.033496,0.041806
0.033594,0.041873
0.033691,0.041959
0.033789,0.042033
0.033887,0.042125
0.033984,0.041868
0.034082,0.041935
0.03418,0.04202
0.034277,0.042094
0.034375,0.042186
0.034473,0.04193
0.03457,0.041997
0.034668,0.042081
0.034766,0.042155
0.034863,0.042247
0.034961,0.041991
0.035059,0.042057
0.035156,0.042142
0.035254,0.042215
0.035352,0.042307
0.035449,0.042052
0.035547,0.042118
0.035645,0.042202
0.035742,0.042276
0.03584,0.042367
0.035938,0.042113
0.036035,0.042178
0.036133,0.042262
0.03623,0.042335
0.036328,0.042426
0.036426,0.042173
0.036523,0.042238
0.036621,0.042322
0.036719,0.042395
0.036816,0.042485
0.036914,0.042232
0.037012,0.042298
0.037109,0.042381
0.037207,0.042454
0.037305,0.042544
0.037402,0.042292
0.0375,0.042357
0.037598,0.04244
0.037695,0.042512
0.037793,0.042602
0.037891,0.042351
0.037988,0.042416
0.038086,0.042499
0.038184,0.042571
0.038281,0.04266
0.038379,0.04241
0.038477,0.042475
0.038574,0.042557
0.038672,0.042629
0.03877,0.042718
0.038867,0.042468
0.038965,0.042533
0.039063,0.042615
0.03916,0.042687
0.039258,0.042775
0.039355,0.042527
0.039453,0.042591
0.039551,0.042673
0.039648,0.042744
0.039746,0.042832
0.039844,0.042584
0.039941,0.042649
0.040039,0.04273
0.040137,0.042801
0.040234,0.042889
0.040332,0.042642
0.04043,0.042706
0.040527,0.042787
0.040625,0.042858
0.040723,0.042945
0.04082,0.042699
0.040918,0.042763
0.041016,0.042844
0.041113,0.042914
0.041211,0.043002
0.041309,0.042756
0.041406,0.04282
0.041504,0.0429
0.041602,0.04297
0.041699,0.043057
0.041797,0.042813
0.041895,0.042876
0.041992,0.042956
0.04209,0.043026
0.042188,0.043113
0.042285,0.042869
0.042383,0.042932
0.04248,0.043012
0.042578,0.043082
0.042676,0.043168
0.042773,0.042925
0.042871,0.042988
0.042969,0.043068
0.043066,0.043137
0.043164,0.043223
0.043262,0.042981
0.043359,0.043043
0.043457,0.043123
0.043555,0.043192
0.043652,0.043278
0.04375,0.043036
0.043848,0.043099
0.043945,0.043178
0.044043,0.043247
0.044141,0.043332
0.044238,0.043091
0.044336,0.043154
0.044434,0.043233
0.044531,0.043302
0.044629,0.043387
0.044727,0.043146
0.044824,0.043209
0.044922,0.043287
0.04502,0.043356
0.045117,0.043441
0.045215,0.043201
0.045313,0.043263
0.04541,0.043341
0.045508,0.04341
0.045605,0.043494
0.045703,0.043255
0.045801,0.043317
0.045898,0.043395
0.045996,0.043463
0.046094,0.043548
0.046191,0.043309
0.046289,0.043371
0.046387,0.043449
0.046484,0.043517
0.046582,0.043601
0.04668,0.043363
0.046777,0.043425
0.046875,0.043502
0.046973,0.04357
0.04707,0.043654
0.047168,0.043417
0.047266,0.043478
0.047363,0.043555
0.047461,0.043623
0.047559,0.043706
0.047656,0.04347
0.047754,0.043531
0.047852,0.043608
0.047949,0.043676
0.048047,0.043759
0.048145,0.043523
0.048242,0.043584
0.04834,0.043661
0.048438,0.043728
0.048535,0.043811
0.048633,0.043576
0.04873,0.043637
0.048828,0.043713
0.048926,0.04378
0.049023,0.043863
0.049121,0.043629
0.049219,0.043689
0.049316,0.043766
0.049414,0.043832
0.049512,0.043914
0.049609,0.043681
0.049707,0.043742
0.049805,0.043817
0.049902,0.043884
0.05,0.043966
0.050098,0.043733
0.050195,0.043794
0.050293,0.043869
0.050391,0.043936
0.050488,0.044017
0.050586,0.043785
0.050684,0.043845
0.050781,0.043921
0.050879,0.043987
0.050977,0.044068
0.051074,0.043837
0.051172,0.043897
0.05127,0.043972
0.051367,0.044038
0.051465,0.044119
0.051563,0.043888
0.05166,0.043948
0.051758,0.044023
0.051855,0.044089
0.051953,0.044169
0.052051,0.04394
0.052148,0.043999
0.052246,0.044074
0.052344,0.044139
0.052441,0.04422
0.052539,0.043991
0.052637,0.04405
0.052734,0.044124
0.052832,0.04419
0.05293,0.04427
0.053027,0.044041
0.053125,0.044101
0.053223,0.044175
0.05332,0.04424
0.053418,0.04432
0.053516,0.044092
0.053613,0.044151
0.053711,0.044225
0.053809,0.04429
0.053906,0.044369
0.054004,0.044142
0.054102,0.044201
0.054199,0.044275
0.054297,0.04434
0.054395,0.044419
0.054492,0.044192
0.05459,0.044251
0.054688,0.044325
0.054785,0.044389
0.054883,0.044468
0.05498,0.044243
0.055078,0.044301
0.055176,0.044374
0.055273,0.044438
0.055371,0.044517
0.055469,0.044292
0.055566,0.044351
0.055664,0.044423
0.055762,0.044488
0.055859,0.044566
0.055957,0.044342
0.056055,0.0444
0.056152,0.044473
0.05625,0.044536
0.056348,0.044615
0.056445,0.044391
0.056543,0.044449
0.056641,0.044521
0.056738,0.044585
0.056836,0.044663
0.056934,0.04444
0.057031,0.044498
0.057129,0.04457
0.057227,0.044634
0.057324,0.044712
0.057422,0.044489
0.05752,0.044547
0.057617,0.044619
0.057715,0.044682
0.057813,0.04476
0.05791,0.044538
0.058008,0.044595
0.058105,0.044667
0.058203,0.04473
0.058301,0.044808
0.058398,0.044586
0.058496,0.044644
0.058594,0.044715
0.058691,0.044778
0.058789,0.044855
0.058887,0.044635
0.058984,0.044692
0.059082,0.044763
0.05918,0.044826
0.059277,0.044903
0.059375,0.044683
0.059473,0.04474
0.05957,0.044811
0.059668,0.044874
0.059766,0.04495
0.059863,0.044731
0.059961,0.044788
0.060059,0.044859
0.060156,0.044921
0.060254,0.044997
0.060352,0.044779
0.060449,0.044835
0.060547,0.044906
0.060645,0.044968
0.060742,0.045044
0.06084,0.044826
0.060938,0.044883
0.061035,0.044953
0.061133,0.045015
0.06123,0.045091
0.061328,0.044874
0.061426,0.04493
0.061523,0.045
0.061621,0.045062
0.061719,0.045138
0.061816,0.044921
0.061914,0.044977
0.062012,0.045047
0.062109,0.045109
0.062207,0.045184
0.062305,0.044968
0.062402,0.045024
0.0625,0.045094
0.062598,0.045155
0.062695,0.045231
0.062793,0.045015
0.062891,0.045071
0.062988,0.04514
0.063086,0.045202
0.063184,0.045277
0.063281,0.045062
0.063379,0.045117
0.063477,0.045187
0.063574,0.045248
0.063672,0.045323
0.06377,0.045108
0.063867,0.045164
0.063965,0.045233
0.064063,0.045294
0.06416,0.045368
0.064258,0.045155
0.064355,0.04521
0.064453,0.045279
0.064551,0.04534
0.064648,0.045414
0.064746,0.045201
0.064844,0.045256
0.064941,0.045325
0.065039,0.045385
0.065137,0.04546
0.065234,0.045247
0.065332,0.045302
0.06543,0.045371
0.065527,0.045431
0.065625,0.045505
0.065723,0.045293
0.06582,0.045348
0.065918,0.045416
0.066016,0.045476
0.066113,0.04555
0.066211,0.045338
0.066309,0.045393
0.066406,0.045461
0.066504,0.045521
0.066602,0.045595
0.066699,0.045384
0.066797,0.045439
0.066895,0.045507
0.066992,0.045567
0.06709,0.04564
0.067188,0.045429
0.067285,0.045484
0.067383,0.045552
0.06748,0.045611
0.067578,0.045684
0.067676,0.045474
0.067773,0.045529
0.067871,0.045596
0.067969,0.045656
0.068066,0.045729
0.068164,0.04552
0.068262,0.045574
0.068359,0.045641
0.068457,0.045701
0.068555,0.045773
0.068652,0.045565
0.06875,0.045619
0.068848,0.045686
0.068945,0.045745
0.069043,0.045817
0.069141,0.045609
0.069238,0.045663
0.069336,0.04573
0.069434,0.045789
0.069531,0.045861
0.069629,0.045654
0.069727,0.045708
0.069824,0.045774
0.069922,0.045833
0.07002,0.045905
0.070117,0.045698
0.070215,0.045752
0.070313,0.045819
0.07041,0.045877
0.070508,0.045949
0.070605,0.045743
0.070703,0.045796
0.070801,0.045863
0.070898,0.045921
0.070996,0.045993
0.071094,0.045787
0.071191,0.04584
0.071289,0.045906
0.071387,0.045965
0.071484,0.046036
0.071582,0.045831
0.07168,0.045884
0.071777,0.04595
0.071875,0.046008
0.071973,0.046079
0.07207,0.045875
0.072168,0.045928
0.072266,0.045994
0.072363,0.046052
0.072461,0.046123
0.072559,0.045918
0.072656,0.045971
0.072754,0.046037
0.072852,0.046095
0.072949,0.046166
0.073047,0.045962
0.073145,0.046015
0.073242,0.04608
0.07334,0.046138
0.073438,0.046208
0.073535,0.046005
0.073633,0.046058
0.07373,0.046123
0.073828,0.046181
0.073926,0.046251
0.074023,0.046049
0.074121,0.046101
0.074219,0.046166
0.074316,0.046224
0.074414,0.046294
0.074512,0.046092
0.074609,0.046144
0.074707,0.046209
0.074805,0.046266
0.074902,0.046336
0.075,0.046135
0.075098,0.046187
0.075195,0.046252
0.075293,0.046309
0.075391,0.046379
0.075488,0.046178
0.075586,0.04623
0.075684,0.046294
0.075781,0.046351
0.075879,0.046421
0.075977,0.04622
0.076074,0.046272
0.076172,0.046337
0.07627,0.046394
0.076367,0.046463
0.076465,0.046263
0.076562,0.046315
0.07666,0.046379
0.076758,0.046436
0.076855,0.046505
0.076953,0.046305
0.077051,0.046357
0.077148,0.046421
0.077246,0.046478
0.077344,0.046547
0.077441,0.046348
0.077539,0.046399
0.077637,0.046463
0.077734,0.04652
0.077832,0.046588
0.07793,0.04639
0.078027,0.046441
0.078125,0.046505
0.078223,0.046561
0.07832,0.04663
0.078418,0.046432
0.078516,0.046483
0.078613,0.046547
0.078711,0.046603
0.078809,0.046671
0.078906,0.046474
0.079004,0.046525
0.079102,0.046588
0.079199,0.046644
0.079297,0.046713
0.079395,0.046515
0.079492,0.046567
0.07959,0.04663
0.079687,0.046686
0.079785,0.046754
0.079883,0.046557
0.07998,0.046608
0.080078,0.046671
0.080176,0.046727
0.080273,0.046795
0.080371,0.046599
0.080469,0.046649
0.080566,0.046712
0.080664,0.046768
0.080762,0.046836
0.080859,0.04664
0.080957,0.046691
0.081055,0.046753
0.081152,0.046809
0.08125,0.046876
0.081348,0.046681
0.081445,0.046732
0.081543,0.046794
0.081641,0.04685
0.081738,0.046917
0.081836,0.046723
0.081934,0.046773
0.082031,0.046835
0.082129,0.046891
0.082227,0.046958
0.082324,0.046764
0.082422,0.046814
0.08252,0.046876
0.082617,0.046931
0.082715,0.046998
0.082812,0.046804
0.08291,0.046855
0.083008,0.046917
0.083105,0.046972
0.083203,0.047038
0.083301,0.046845
0.083398,0.046895
0.083496,0.046957
0.083594,0.047012
0.083691,0.047079
0.083789,0.046886
0.083887,0.046936
0.083984,0.046998
0.084082,0.047052
0.08418,0.047119
0.084277,0.046926
0.084375,0.046976
0.084473,0.047038
0.08457,0.047092
0.084668,0.047159
0.084766,0.046967
0.084863,0.047017
0.084961,0.047078
0.085059,0.047132
0.085156,0.047198
0.085254,0.047007
0.085352,0.047057
0.085449,0.047118
0.085547,0.047172
0.085645,0.047238
0.085742,0.047047
0.08584,0.047097
0.085937,0.047158
0.086035,0.047212
0.086133,0.047278
0.08623,0.047087
0.086328,0.047137
0.086426,0.047198
0.086523,0.047252
0.086621,0.047317
0.086719,0.047127
0.086816,0.047177
0.086914,0.047237
0.087012,0.047291
0.087109,0.047357
0.087207,0.047167
0.087305,0.047216
0.087402,0.047277
0.0875,0.047331
0.087598,0.047396
0.087695,0.047207
0.087793,0.047256
0.087891,0.047316
0.087988,0.04737
0.088086,0.047435
0.088184,0.047247
0.088281,0.047295
0.088379,0.047356
0.088477,0.047409
0.088574,0.047474
0.088672,0.047286
0.08877,0.047335
0.088867,0.047395
0.088965,0.047448
0.089062,0.047513
0.08916,0.047326
0.089258,0.047374
0.089355,0.047434
0.089453,0.047487
0.089551,0.047552
0.089648,0.047365
0.089746,0.047413
0.089844,0.047473
0.089941,0.047526
0.090039,0.047591
0.090137,0.047404
0.090234,0.047452
0.090332,0.047512
0.09043,0.047565
0.090527,0.047629
0.090625,0.047443
0.090723,0.047491
0.09082,0.047551
0.090918,0.047604
0.091016,0.047668
0.091113,0.047482
0.091211,0.04753
0.091309,0.04759
0.091406,0.047642
0.091504,0.047706
0.091602,0.047521
0.091699,0.047569
0.091797,0.047628
0.091895,0.047681
0.091992,0.047745
0.09209,0.04756
0.092187,0.047608
0.092285,0.047667
0.092383,0.047719
0.09248,0.047783
0.092578,0.047598
0.092676,0.047646
0.092773,0.047705
0.092871,0.047757
0.092969,0.047821
0.093066,0.047637
0.093164,0.047684
0.093262,0.047743
0.093359,0.047796
0.093457,0.047859
0.093555,0.047675
0.093652,0.047723
0.09375,0.047782
0.093848,0.047834
0.093945,0.047897
0.094043,0.047714
0.094141,0.047761
0.094238,0.04782
0.094336,0.047872
0.094434,0.047935
0.094531,0.047752
0.094629,0.047799
0.094727,0.047858
0.094824,0.047909
0.094922,0.047972
0.09502,0.04779
0.095117,0.047837
0.095215,0.047895
0.095312,0.047947
0.09541,0.04801
0.095508,0.047828
0.095605,0.047875
0.095703,0.047933
0.095801,0.047985
0.095898,0.048047
0.095996,0.047866
0.096094,0.047913
0.096191,0.047971
0.096289,0.048022
0.096387,0.048085
0.096484,0.047904
0.096582,0.047951
0.09668,0.048008
0.096777,0.04806
0.096875,0.048122
0.096973,0.047941
0.09707,0.047988
0.097168,0.048046
0.097266,0.048097
0.097363,0.048159
0.097461,0.047979
0.097559,0.048026
0.097656,0.048083
0.097754,0.048134
0.097852,0.048196
0.097949,0.048016
0.098047,0.048063
0.098145,0.048121
0.098242,0.048172
0.09834,0.048233
0.098437,0.048054
0.098535,0.0481
0.098633,0.048158
0.09873,0.048209
0.098828,0.04827
0.098926,0.048091
0.099023,0.048138
0.099121,0.048195
0.099219,0.048246
0.099316,0.048307
0.099414,0.048128
0.099512,0.048175
0.099609,0.048232
0.099707,0.048282
0.099805,0.048344
0.099902,0.048166
0.1,0.048212
0.1001,0.048269
0.1002,0.048319
0.10029,0.04838
0.10039,0.048203
0.10049,0.048249
0.10059,0.048306
0.10068,0.048356
0.10078,0.048417
0.10088,0.04824
0.10098,0.048286
0.10107,0.048342
0.10117,0.048393
0.10127,0.048453
0.10137,0.048276
0.10146,0.048322
0.10156,0.048379
0.10166,0.048429
0.10176,0.04849
0.10186,0.048313
0.10195,0.048359
0.10205,0.048415
0.10215,0.048465
0.10225,0.048526
0.10234,0.04835
0.10244,0.048396
0.10254,0.048452
0.10264,0.048502
0.10273,0.048562
0.10283,0.048386
0.10293,0.048432
0.10303,0.048488
0.10312,0.048538
0.10322,0.048598
0.10332,0.048423
0.10342,0.048468
0.10352,0.048524
0.10361,0.048574
0.10371,0.048634
0.10381,0.048459
0.10391,0.048505
0.104,0.048561
0.1041,0.04861
0.1042,0.04867
0.1043,0.048496
0.10439,0.048541
0.10449,0.048597
0.10459,0.048646
0.10469,0.048706
0.10479,0.048532
0.10488,0.048577
0.10498,0.048633
0.10508,0.048682
0.10518,0.048742
0.10527,0.048568
0.10537,0.048613
0.10547,0.048669
0.10557,0.048718
0.10566,0.048778
0.10576,0.048604
0.10586,0.048649
0.10596,0.048704
0.10605,0.048754
0.10615,0.048813
0.10625,0.04864
0.10635,0.048685
0.10645,0.04874
0.10654,0.048789
0.10664,0.048849
0.10674,0.048676
0.10684,0.048721
0.10693,0.048776
0.10703,0.048825
0.10713,0.048884
0.10723,0.048712
0.10732,0.048756
0.10742,0.048811
0.10752,0.04886
0.10762,0.048919
0.10771,0.048747
0.10781,0.048792
0.10791,0.048847
0.10801,0.048896
0.10811,0.048955
0.1082,0.048783
0.1083,0.048827
0.1084,0.048882
0.1085,0.048931
0.10859,0.04899
0.10869,0.048818
0.10879,0.048863
0.10889,0.048918
0.10898,0.048966
0.10908,0.049025
0.10918,0.048854
0.10928,0.048898
0.10937,0.048953
0.10947,0.049001
0.10957,0.04906
0.10967,0.048889
0.10977,0.048933
0.10986,0.048988
0.10996,0.049036
0.11006,0.049095
0.11016,0.048924
0.11025,0.048969
0.11035,0.049023
0.11045,0.049071
0.11055,0.049129
0.11064,0.04896
0.11074,0.049004
0.11084,0.049058
0.11094,0.049106
0.11104,0.049164
0.11113,0.048995
0.11123,0.049039
0.11133,0.049093
0.11143,0.049141
0.11152,0.049199
0.11162,0.04903
0.11172,0.049074
0.11182,0.049128
0.11191,0.049175
0.11201,0.049233
0.11211,0.049065
0.11221,0.049108
0.1123,0.049162
0.1124,0.04921
0.1125,0.049268
0.1126,0.0491
0.1127,0.049143
0.11279,0.049197
0.11289,0.049245
0.11299,0.049302
0.11309,0.049134
0.11318,0.049178
0.11328,0.049232
0.11338,0.049279
0.11348,0.049337
0.11357,0.049169
0.11367,0.049212
0.11377,0.049266
0.11387,0.049313
0.11396,0.049371
0.11406,0.049204
0.11416,0.049247
0.11426,0.0493
0.11436,0.049348
0.11445,0.049405
0.11455,0.049238
0.11465,0.049281
0.11475,0.049335
0.11484,0.049382
0.11494,0.049439
0.11504,0.049273
0.11514,0.049316
0.11523,0.049369
0.11533,0.049416
0.11543,0.049473
0.11553,0.049307
0.11562,0.04935
0.11572,0.049403
0.11582,0.04945
0.11592,0.049507
0.11602,0.049341
0.11611,0.049384
0.11621,0.049437
0.11631,0.049484
0.11641,0.049541
0.1165,0.049375
0.1166,0.049418
0.1167,0.049471
0.1168,0.049518
0.11689,0.049575
0.11699,0.04941
0.11709,0.049452
0.11719,0.049505
0.11729,0.049552
0.11738,0.049609
0.11748,0.049444
0.11758,0.049486
0.11768,0.049539
0.11777,0.049586
0.11787,0.049642
0.11797,0.049478
0.11807,0.04952
0.11816,0.049573
0.11826,0.049619
0.11836,0.049676
0.11846,0.049512
0.11855,0.049554
0.11865,0.049607
0.11875,0.049653
0.11885,0.049709
0.11895,0.049545
0.11904,0.049588
0.11914,0.04964
0.11924,0.049687
0.11934,0.049743
0.11943,0.049579
0.11953,0.049622
0.11963,0.049674
0.11973,0.04972
0.11982,0.049776
0.11992,0.049613
0.12002,0.049655
0.12012,0.049707
0.12021,0.049753
0.12031,0.049809
0.12041,0.049646
0.12051,0.049689
0.12061,0.049741
0.1207,0.049787
0.1208,0.049843
0.1209,0.04968
0.121,0.049722
0.12109,0.049774
0.12119,0.04982
0.12129,0.049876
0.12139,0.049713
0.12148,0.049756
0.12158,0.049807
0.12168,0.049853
0.12178,0.049909
0.12187,0.049747
0.12197,0.049789
0.12207,0.04984
0.12217,0.049886
0.12227,0.049942
0.12236,0.04978
0.12246,0.049822
0.12256,0.049874
0.12266,0.049919
0.12275,0.049975
0.12285,0.049813
0.12295,0.049855
0.12305,0.049907
0.12314,0.049952
0.12324,0.050008
0.12334,0.049847
0.12344,0.049888
0.12354,0.04994
0.12363,0.049985
0.12373,0.05004
0.12383,0.04988
0.12393,0.049921
0.12402,0.049973
0.12412,0.050018
0.12422,0.050073
0.12432,0.049913
0.12441,0.049954
0.12451,0.050005
0.12461,0.050051
0.12471,0.050106
0.1248,0.049946
0.1249,0.049987
0.125,0.050038
0.1251,0.050083
0.1252,0.050138
0.12529,0.049979
0.12539,0.05002
0.12549,0.050071
0.12559,0.050116
0.12568,0.050171
0.12578,0.050011
0.12588,0.050053
0.12598,0.050104
0.12607,0.050149
0.12617,0.050203
0.12627,0.050044
0.12637,0.050085
0.12646,0.050136
0.12656,0.050181
0.12666,0.050236
0.12676,0.050077
0.12686,0.050118
0.12695,0.050169
0.12705,0.050214
0.12715,0.050268
0.12725,0.050109
0.12734,0.050151
0.12744,0.050201
0.12754,0.050246
0.12764,0.0503
0.12773,0.050142
0.12783,0.050183
0.12793,0.050233
0.12803,0.050278
0.12812,0.050332
0.12822,0.050174
0.12832,0.050215
0.12842,0.050266
0.12852,0.05031
0.12861,0.050364
0.12871,0.050207
0.12881,0.050248
0.12891,0.050298
0.129,0.050342
0.1291,0.050396
0.1292,0.050239
0.1293,0.05028
0.12939,0.05033
0.12949,0.050375
0.12959,0.050428
0.12969,0.050271
0.12979,0.050312
0.12988,0.050362
0.12998,0.050407
0.13008,0.05046
0.13018,0.050304
0.13027,0.050344
0.13037,0.050394
0.13047,0.050439
0.13057,0.050492
0.13066,0.050336
0.13076,0.050376
0.13086,0.050426
0.13096,0.05047
0.13105,0.050524
0.13115,0.050368
0.13125,0.050408
0.13135,0.050458
0.13145,0.050502
0.13154,0.050556
0.13164,0.0504
0.13174,0.05044
0.13184,0.05049
0.13193,0.050534
0.13203,0.050587
0.13213,0.050432
0.13223,0.050472
0.13232,0.050522
0.13242,0.050566
0.13252,0.050619
0.13262,0.050464
0.13271,0.050504
0.13281,0.050553
0.13291,0.050597
0.13301,0.05065
0.13311,0.050495
0.1332,0.050536
0.1333,0.050585
0.1334,0.050629
0.1335,0.050682
0.13359,0.050527
0.13369,0.050567
0.13379,0.050617
0.13389,0.05066
0.13398,0.050713
0.13408,0.050559
0.13418,0.050599
0.13428,0.050648
0.13437,0.050692
0.13447,0.050744
0.13457,0.050591
0.13467,0.05063
0.13477,0.05068
0.13486,0.050723
0.13496,0.050776
0.13506,0.050622
0.13516,0.050662
0.13525,0.050711
0.13535,0.050754
0.13545,0.050807
0.13555,0.050654
0.13564,0.050693
0.13574,0.050742
0.13584,0.050786
0.13594,0.050838
0.13604,0.050685
0.13613,0.050725
0.13623,0.050773
0.13633,0.050817
0.13643,0.050869
0.13652,0.050716
0.13662,0.050756
0.13672,0.050805
0.13682,0.050848
0.13691,0.0509
0.13701,0.050748
0.13711,0.050787
0.13721,0.050836
0.1373,0.050879
0.1374,0.050931
0.1375,0.050779
0.1376,0.050818
0.1377,0.050867
0.13779,0.05091
0.13789,0.050962
0.13799,0.05081
0.13809,0.05085
0.13818,0.050898
0.13828,0.050941
0.13838,0.050993
0.13848,0.050841
0.13857,0.050881
0.13867,0.050929
0.13877,0.050972
0.13887,0.051024
0.13896,0.050872
0.13906,0.050912
0.13916,0.05096
0.13926,0.051003
0.13936,0.051054
0.13945,0.050903
0.13955,0.050943
0.13965,0.050991
0.13975,0.051033
0.13984,0.051085
0.13994,0.050934
0.14004,0.050973
0.14014,0.051021
0.14023,0.051064
0.14033,0.051116
0.14043,0.050965
0.14053,0.051004
0.14062,0.051052
0.14072,0.051095
0.14082,0.051146
0.14092,0.050996
0.14102,0.051035
0.14111,0.051083
0.14121,0.051125
0.14131,0.051177
0.14141,0.051027
0.1415,0.051066
0.1416,0.051113
0.1417,0.051156
0.1418,0.051207
0.14189,0.051057
0.14199,0.051096
0.14209,0.051144
0.14219,0.051186
0.14229,0.051237
0.14238,0.051088
0.14248,0.051127
0.14258,0.051174
0.14268,0.051217
0.14277,0.051268
0.14287,0.051119
0.14297,0.051157
0.14307,0.051205
0.14316,0.051247
0.14326,0.051298
0.14336,0.051149
0.14346,0.051188
0.14355,0.051235
0.14365,0.051277
0.14375,0.051328
0.14385,0.05118
0.14395,0.051218
0.14404,0.051265
0.14414,0.051308
0.14424,0.051358
0.14434,0.05121
0.14443,0.051248
0.14453,0.051296
0.14463,0.051338
0.14473,0.051388
0.14482,0.05124
0.14492,0.051279
0.14502,0.051326
0.14512,0.051368
0.14521,0.051418
0.14531,0.051271
0.14541,0.051309
0.14551,0.051356
0.14561,0.051398
0.1457,0.051448
0.1458,0.051301
0.1459,0.051339
0.146,0.051386
0.14609,0.051428
0.14619,0.051478
0.14629,0.051331
0.14639,0.051369
0.14648,0.051416
0.14658,0.051458
0.14668,0.051508
0.14678,0.051361
0.14687,0.051399
0.14697,0.051446
0.14707,0.051488
0.14717,0.051538
0.14727,0.051391
0.14736,0.051429
0.14746,0.051476
0.14756,0.051518
0.14766,0.051568
0.14775,0.051421
0.14785,0.051459
0.14795,0.051506
0.14805,0.051547
0.14814,0.051597
0.14824,0.051451
0.14834,0.051489
0.14844,0.051536
0.14854,0.051577
0.14863,0.051627
0.14873,0.051481
0.14883,0.051519
0.14893,0.051565
0.14902,0.051607
0.14912,0.051657
0.14922,0.051511
0.14932,0.051549
0.14941,0.051595
0.14951,0.051636
0.14961,0.051686
0.14971,0.051541
0.1498,0.051578
0.1499,0.051625
0.15,0.051666
0.1501,0.051716
0.1502,0.05157
0.15029,0.051608
0.15039,0.051654
0.15049,0.051695
0.15059,0.051745
0.15068,0.0516
0.15078,0.051638
0.15088,0.051684
0.15098,0.051725
0.15107,0.051774
0.15117,0.05163
0.15127,0.051667
0.15137,0.051713
0.15146,0.051754
0.15156,0.051804
0.15166,0.051659
0.15176,0.051697
0.15186,0.051743
0.15195,0.051784
0.15205,0.051833
0.15215,0.051689
0.15225,0.051726
0.15234,0.051772
0.15244,0.051813
0.15254,0.051862
0.15264,0.051718
0.15273,0.051756
0.15283,0.051801
0.15293,0.051842
0.15303,0.051891
0.15312,0.051748
0.15322,0.051785
0.15332,0.051831
0.15342,0.051871
0.15352,0.05192
0.15361,0.051777
0.15371,0.051814
0.15381,0.05186
0.15391,0.0519
0.154,0.051949
0.1541,0.051806
0.1542,0.051843
0.1543,0.051889
0.15439,0.05193
0.15449,0.051978
0.15459,0.051836
0.15469,0.051873
0.15479,0.051918
0.15488,0.051959
0.15498,0.052007
0.15508,0.051865
0.15518,0.051902
0.15527,0.051947
0.15537,0.051988
0.15547,0.052036
0.15557,0.051894
0.15566,0.051931
0.15576,0.051976
0.15586,0.052017
0.15596,0.052065
0.15605,0.051923
0.15615,0.05196
0.15625,0.052005
0.15635,0.052045
0.15645,0.052094
0.15654,0.051952
0.15664,0.051989
0.15674,0.052034
0.15684,0.052074
0.15693,0.052123
0.15703,0.051981
0.15713,0.052018
0.15723,0.052063
0.15732,0.052103
0.15742,0.052151
0.15752,0.05201
0.15762,0.052047
0.15771,0.052092
0.15781,0.052132
0.15791,0.05218
0.15801,0.052039
0.15811,0.052076
0.1582,0.05212
0.1583,0.05216
0.1584,0.052209
0.1585,0.052068
0.15859,0.052104
0.15869,0.052149
0.15879,0.052189
0.15889,0.052237
0.15898,0.052096
0.15908,0.052133
0.15918,0.052178
0.15928,0.052218
0.15937,0.052266
0.15947,0.052125
0.15957,0.052162
0.15967,0.052206
0.15977,0.052246
0.15986,0.052294
0.15996,0.052154
0.16006,0.05219
0.16016,0.052235
0.16025,0.052275
0.16035,0.052322
0.16045,0.052183
0.16055,0.052219
0.16064,0.052263
0.16074,0.052303
0.16084,0.052351
0.16094,0.052211
0.16104,0.052247
0.16113,0.052292
0.16123,0.052331
0.16133,0.052379
0.16143,0.05224
0.16152,0.052276
0.16162,0.05232
0.16172,0.05236
0.16182,0.052407
0.16191,0.052268
0.16201,0.052304
0.16211,0.052349
0.16221,0.052388
0.1623,0.052436
0.1624,0.052297
0.1625,0.052333
0.1626,0.052377
0.1627,0.052416
0.16279,0.052464
0.16289,0.052325
0.16299,0.052361
0.16309,0.052405
0.16318,0.052444
0.16328,0.052492
0.16338,0.052353
0.16348,0.052389
0.16357,0.052433
0.16367,0.052473
0.16377,0.05252
0.16387,0.052382
0.16396,0.052417
0.16406,0.052462
0.16416,0.052501
0.16426,0.052548
0.16436,0.05241
0.16445,0.052446
0.16455,0.05249
0.16465,0.052529
0.16475,0.052576
0.16484,0.052438
0.16494,0.052474
0.16504,0.052518
0.16514,0.052557
0.16523,0.052604
0.16533,0.052466
0.16543,0.052502
0.16553,0.052546
0.16562,0.052585
0.16572,0.052632
0.16582,0.052494
0.16592,0.05253
0.16602,0.052574
0.16611,0.052613
0.16621,0.052659
0.16631,0.052522
0.16641,0.052558
0.1665,0.052602
0.1666,0.05264
0.1667,0.052687
0.1668,0.05255
0.16689,0.052586
0.16699,0.052629
0.16709,0.052668
0.16719,0.052715
0.16729,0.052578
0.16738,0.052614
0.16748,0.052657
0.16758,0.052696
0.16768,0.052743
0.16777,0.052606
0.16787,0.052642
0.16797,0.052685
0.16807,0.052724
0.16816,0.05277
0.16826,0.052634
0.16836,0.052669
0.16846,0.052713
0.16855,0.052751
0.16865,0.052798
0.16875,0.052662
0.16885,0.052697
0.16895,0.05274
0.16904,0.052779
0.16914,0.052825
0.16924,0.05269
0.16934,0.052725
0.16943,0.052768
0.16953,0.052807
0.16963,0.052853
0.16973,0.052717
0.16982,0.052753
0.16992,0.052796
0.17002,0.052834
0.17012,0.05288
0.17021,0.052745
0.17031,0.05278
0.17041,0.052823
0.17051,0.052862
0.17061,0.052908
0.1707,0.052773
0.1708,0.052808
0.1709,0.052851
0.171,0.052889
0.17109,0.052935
0.17119,0.0528
0.17129,0.052835
0.17139,0.052878
0.17148,0.052916
0.17158,0.052962
0.17168,0.052828
0.17178,0.052863
0.17187,0.052906
0.17197,0.052944
0.17207,0.05299
0.17217,0.052855
0.17227,0.05289
0.17236,0.052933
0.17246,0.052971
0.17256,0.053017
0.17266,0.052883
0.17275,0.052918
0.17285,0.05296
0.17295,0.052998
0.17305,0.053044
0.17314,0.05291
0.17324,0.052945
0.17334,0.052988
0.17344,0.053026
0.17354,0.053071
0.17363,0.052937
0.17373,0.052972
0.17383,0.053015
0.17393,0.053053
0.17402,0.053098
0.17412,0.052965
0.17422,0.052999
0.17432,0.053042
0.17441,0.05308
0.17451,0.053125
0.17461,0.052992
0.17471,0.053027
0.1748,0.053069
0.1749,0.053107
0.175,0.053152
0.1751,0.053019
0.1752,0.053054
0.17529,0.053096
0.17539,0.053134
0.17549,0.053179
0.17559,0.053046
0.17568,0.053081
0.17578,0.053123
0.17588,0.053161
0.17598,0.053206
0.17607,0.053074
0.17617,0.053108
0.17627,0.05315
0.17637,0.053188
0.17646,0.053233
0.17656,0.053101
0.17666,0.053135
0.17676,0.053177
0.17686,0.053215
0.17695,0.05326
0.17705,0.053128
0.17715,0.053162
0.17725,0.053204
0.17734,0.053242
0.17744,0.053287
0.17754,0.053155
0.17764,0.053189
0.17773,0.053231
0.17783,0.053269
0.17793,0.053314
0.17803,0.053182
0.17812,0.053216
0.17822,0.053258
0.17832,0.053295
0.17842,0.05334
0.17852,0.053209
0.17861,0.053243
0.17871,0.053285
0.17881,0.053322
0.17891,0.053367
0.179,0.053235
0.1791,0.05327
0.1792,0.053311
0.1793,0.053349
0.17939,0.053394
0.17949,0.053262
0.17959,0.053296
0.17969,0.053338
0.17979,0.053375
0.17988,0.05342
0.17998,0.053289
0.18008,0.053323
0.18018,0.053365
0.18027,0.053402
0.18037,0.053447
0.18047,0.053316
0.18057,0.05335
0.18066,0.053391
0.18076,0.053429
0.18086,0.053473
0.18096,0.053343
0.18105,0.053376
0.18115,0.053418
0.18125,0.053455
0.18135,0.0535
0.18145,0.053369
0.18154,0.053403
0.18164,0.053445
0.18174,0.053482
0.18184,0.053526
0.18193,0.053396
0.18203,0.05343
0.18213,0.053471
0.18223,0.053508
0.18232,0.053553
0.18242,0.053422
0.18252,0.053456
0.18262,0.053498
0.18271,0.053534
0.18281,0.053579
0.18291,0.053449
0.18301,0.053483
0.18311,0.053524
0.1832,0.053561
0.1833,0.053605
0.1834,0.053475
0.1835,0.053509
0.18359,0.05355
0.18369,0.053587
0.18379,0.053631
0.18389,0.053502
0.18398,0.053536
0.18408,0.053577
0.18418,0.053613
0.18428,0.053658
0.18437,0.053528
0.18447,0.053562
0.18457,0.053603
0.18467,0.05364
0.18477,0.053684
0.18486,0.053555
0.18496,0.053659
0.18506,0.053629
0.18516,0.053666
0.18525,0.05371
0.18535,0.053581
0.18545,0.053614
0.18555,0.053655
0.18564,0.053692
0.18574,0.053736
0.18584,0.053607
0.18594,0.053641
0.18604,0.053682
0.18613,0.053718
0.18623,0.053762
0.18633,0.053633
0.18643,0.053667
0.18652,0.053708
0.18662,0.053744
0.18672,0.053788
0.18682,0.05366
0.18691,0.053693
0.18701,0.053734
0.18711,0.05377
0.18721,0.053814
0.1873,0.053686
0.1874,0.053719
0.1875,0.05376
0.1876,0.053796
0.1877,0.05384
0.18779,0.053712
0.18789,0.053745
0.18799,0.053786
0.18809,0.053822
0.18818,0.053866
0.18828,0.053738
0.18838,0.053771
0.18848,0.053812
0.18857,0.053848
0.18867,0.053892
0.18877,0.053764
0.18887,0.053797
0.18896,0.053838
0.18906,0.053874
0.18916,0.053918
0.18926,0.05379
0.18936,0.053823
0.18945,0.053864
0.18955,0.0539
0.18965,0.053943
0.18975,0.053816
0.18984,0.053849
0.18994,0.05389
0.19004,0.053926
0.19014,0.053969
0.19023,0.053842
0.19033,0.053875
0.19043,0.053915
0.19053,0.053951
0.19062,0.053995
0.19072,0.053868
0.19082,0.053901
0.19092,0.053941
0.19102,0.053977
0.19111,0.05402
0.19121,0.053894
0.19131,0.053927
0.19141,0.053967
0.1915,0.054003
0.1916,0.054046
0.1917,0.05392
0.1918,0.053952
0.19189,0.053993
0.19199,0.054029
0.19209,0.054072
0.19219,0.053945
0.19229,0.053978
0.19238,0.054018
0.19248,0.054054
0.19258,0.054097
0.19268,0.053971
0.19277,0.054004
0.19287,0.054044
0.19297,0.05408
0.19307,0.054123
0.19316,0.053997
0.19326,0.05403
0.19336,0.05407
0.19346,0.054105
0.19355,0.054148
0.19365,0.054023
0.19375,0.054055
0.19385,0.054095
0.19395,0.054131
0.19404,0.054174
0.19414,0.054048
0.19424,0.054081
0.19434,0.054121
0.19443,0.054156
0.19453,0.054199
0.19463,0.054074
0.19473,0.054106
0.19482,0.054146
0.19492,0.054182
0.19502,0.054224
0.19512,0.054099
0.19521,0.054132
0.19531,0.054172
0.19541,0.054207
0.19551,0.05425
0.19561,0.054125
0.1957,0.054157
0.1958,0.054197
0.1959,0.054232
0.196,0.054275
0.19609,0.05415
0.19619,0.054183
0.19629,0.054222
0.19639,0.054258
0.19648,0.0543
0.19658,0.054176
0.19668,0.054208
0.19678,0.054248
0.19687,0.054283
0.19697,0.054326
0.19707,0.054201
0.19717,0.054233
0.19727,0.054273
0.19736,0.054308
0.19746,0.054351
0.19756,0.054226
0.19766,0.054259
0.19775,0.054298
0.19785,0.054333
0.19795,0.054376
0.19805,0.054252
0.19814,0.054284
0.19824,0.054323
0.19834,0.054359
0.19844,0.054401
0.19854,0.054277
0.19863,0.054309
0.19873,0.054349
0.19883,0.054384
0.19893,0.054426
0.19902,0.054302
0.19912,0.054334
0.19922,0.054374
0.19932,0.054409
0.19941,0.054451
0.19951,0.054328
0.19961,0.05436
0.19971,0.054399
0.1998,0.054434
0.1999,0.054476
0.2,0.054353
0.2001,0.054385
0.2002,0.054424
0.20029,0.054459
0.20039,0.054501
0.20049,0.054378
0.20059,0.05441
0.20068,0.054449
0.20078,0.054484
0.20088,0.054526
0.20098,0.054403
0.20107,0.054435
0.20117,0.054474
0.20127,0.054509
0.20137,0.054551
0.20146,0.054428
0.20156,0.05446
0.20166,0.054499
0.20176,0.054534
0.20186,0.054576
0.20195,0.054453
0.20205,0.054485
0.20215,0.054524
0.20225,0.054559
0.20234,0.0546
0.20244,0.054478
0.20254,0.05451
0.20264,0.054549
0.20273,0.054583
0.20283,0.054625
0.20293,0.054503
0.20303,0.054535
0.20312,0.054574
0.20322,0.054608
0.20332,0.05465
0.20342,0.054528
0.20352,0.05456
0.20361,0.054598
0.20371,0.054633
0.20381,0.054675
0.20391,0.054553
0.204,0.054585
0.2041,0.054623
0.2042,0.054658
0.2043,0.054699
0.20439,0.054578
0.20449,0.054609
0.20459,0.054648
0.20469,0.054683
0.20479,0.054724
0.20488,0.054602
0.20498,0.054634
0.20508,0.054673
0.20518,0.054707
0.20527,0.054749
0.20537,0.054627
0.20547,0.054659
0.20557,0.054697
0.20566,0.054732
0.20576,0.054773
0.20586,0.054652
0.20596,0.054684
0.20605,0.054722
0.20615,0.054756
0.20625,0.054798
0.20635,0.054677
0.20645,0.054708
0.20654,0.054747
0.20664,0.054781
0.20674,0.054822
0.20684,0.054701
0.20693,0.054733
0.20703,0.054771
0.20713,0.054806
0.20723,0.054847
0.20732,0.054726
0.20742,0.054757
0.20752,0.054796
0.20762,0.05483
0.20771,0.054871
0.20781,0.054751
0.20791,0.054782
0.20801,0.05482
0.20811,0.054854
0.2082,0.054896
0.2083,0.054775
0.2084,0.054807
0.2085,0.054845
0.20859,0.054879
0.20869,0.05492
0.20879,0.0548
0.20889,0.054831
0.20898,0.054869
0.20908,0.054903
0.20918,0.054944
0.20928,0.054824
0.20937,0.054855
0.20947,0.054894
0.20957,0.054928
0.20967,0.054969
0.20977,0.054849
0.20986,0.05488
0.20996,0.054918
0.21006,0.054952
0.21016,0.054993
0.21025,0.054873
0.21035,0.054904
0.21045,0.054942
0.21055,0.054976
0.21064,0.055017
0.21074,0.054898
0.21084,0.054929
0.21094,0.054967
0.21104,0.055001
0.21113,0.055041
0.21123,0.054922
0.21133,0.054953
0.21143,0.054991
0.21152,0.055025
0.21162,0.055065
0.21172,0.054946
0.21182,0.054977
0.21191,0.055015
0.21201,0.055049
0.21211,0.05509
0.21221,0.054971
0.2123,0.055002
0.2124,0.055039
0.2125,0.055073
0.2126,0.055114
0.2127,0.054995
0.21279,0.055026
0.21289,0.055064
0.21299,0.055097
0.21309,0.055138
0.21318,0.055019
0.21328,0.05505
0.21338,0.055088
0.21348,0.055121
0.21357,0.055162
0.21367,0.055043
0.21377,0.055074
0.21387,0.055112
0.21396,0.055145
0.21406,0.055186
0.21416,0.055067
0.21426,0.055098
0.21436,0.055136
0.21445,0.055169
0.21455,0.05521
0.21465,0.055092
0.21475,0.055122
0.21484,0.05516
0.21494,0.055193
0.21504,0.055234
0.21514,0.055116
0.21523,0.055146
0.21533,0.055184
0.21543,0.055217
0.21553,0.055258
0.21562,0.05514
0.21572,0.05517
0.21582,0.055208
0.21592,0.055241
0.21602,0.055281
0.21611,0.055164
0.21621,0.055194
0.21631,0.055232
0.21641,0.055265
0.2165,0.055305
0.2166,0.055188
0.2167,0.055218
0.2168,0.055256
0.21689,0.055289
0.21699,0.055329
0.21709,0.055212
0.21719,0.055242
0.21729,0.05528
0.21738,0.055313
0.21748,0.055353
0.21758,0.055236
0.21768,0.055266
0.21777,0.055303
0.21787,0.055337
0.21797,0.055377
0.21807,0.05526
0.21816,0.05529
0.21826,0.055327
0.21836,0.05536
0.21846,0.0554
0.21855,0.055283
0.21865,0.055314
0.21875,0.055351
0.21885,0.055384
0.21895,0.055424
0.21904,0.055307
0.21914,0.055338
0.21924,0.055375
0.21934,0.055408
0.21943,0.055448
0.21953,0.055331
0.21963,0.055361
0.21973,0.055399
0.21982,0.055432
0.21992,0.055471
0.22002,0.055355
0.22012,0.055385
0.22021,0.055422
0.22031,0.055455
0.22041,0.055495
0.22051,0.055379
0.22061,0.055409
0.2207,0.055446
0.2208,0.055479
0.2209,0.055518
0.221,0.055402
0.22109,0.055433
0.22119,0.055469
0.22129,0.055502
0.22139,0.055542
0.22148,0.055426
0.22158,0.055456
0.22168,0.055493
0.22178,0.055526
0.22187,0.055566
0.22197,0.05545
0.22207,0.05548
0.22217,0.055517
0.22227,0.055549
0.22236,0.055589
0.22246,0.055473
0.22256,0.055503
0.22266,0.05554
0.22275,0.055573
0.22285,0.055612
0.22295,0.055497
0.22305,0.055527
0.22314,0.055564
0.22324,0.055596
0.22334,0.055636
0.22344,0.05552
0.22354,0.05555
0.22363,0.055587
0.22373,0.05562
0.22383,0.055659
0.22393,0.055544
0.22402,0.055574
0.22412,0.055611
0.22422,0.055643
0.22432,0.055683
0.22441,0.055567
0.22451,0.055597
0.22461,0.055634
0.22471,0.055667
0.2248,0.055706
0.2249,0.055591
0.225,0.055621
0.2251,0.055657
0.2252,0.05569
0.22529,0.055729
0.22539,0.055614
0.22549,0.055644
0.22559,0.055681
0.22568,0.055713
0.22578,0.055752
0.22588,0.055638
0.22598,0.055668
0.22607,0.055704
0.22617,0.055736
0.22627,0.055776
0.22637,0.055661
0.22646,0.055691
0.22656,0.055727
0.22666,0.05576
0.22676,0.055799
0.22686,0.055684
0.22695,0.055714
0.22705,0.055751
0.22715,0.055783
0.22725,0.055822
0.22734,0.055708
0.22744,0.055737
0.22754,0.055774
0.22764,0.055806
0.22773,0.055845
0.22783,0.055731
0.22793,0.055761
0.22803,0.055797
0.22812,0.055829
0.22822,0.055868
0.22832,0.055754
0.22842,0.055784
0.22852,0.05582
0.22861,0.055852
0.22871,0.055891
0.22881,0.055778
0.22891,0.055807
0.229,0.055843
0.2291,0.055875
0.2292,0.055914
0.2293,0.055801
0.22939,0.05583
0.22949,0.055866
0.22959,0.055899
0.22969,0.055937
0.22979,0.055824
0.22988,0.055853
0.22998,0.055889
0.23008,0.055922
0.23018,0.05596
0.23027,0.055847
0.23037,0.055876
0.23047,0.055912
0.23057,0.055945
0.23066,0.055983
0.23076,0.05587
0.23086,0.0559
0.23096,0.055935
0.23105,0.055968
0.23115,0.056006
0.23125,0.055893
0.23135,0.055923
0.23145,0.055958
0.23154,0.05599
0.23164,0.056029
0.23174,0.055916
0.23184,0.055946
0.23193,0.055981
0.23203,0.056013
0.23213,0.056052
0.23223,0.055939
0.23232,0.055969
0.23242,0.056004
0.23252,0.056036
0.23262,0.056075
0.23271,0.055962
0.23281,0.055991
0.23291,0.056027
0.23301,0.056059
0.23311,0.056098
0.2332,0.055985
0.2333,0.056014
0.2334,0.05605
0.2335,0.056082
0.23359,0.05612
0.23369,0.056008
0.23379,0.056037
0.23389,0.056073
0.23398,0.056105
0.23408,0.056143
0.23418,0.056031
0.23428,0.05606
0.23437,0.056096
0.23447,0.056128
0.23457,0.056166
0.23467,0.056054
0.23477,0.056083
0.23486,0.056119
0.23496,0.05615
0.23506,0.056188
0.23516,0.056077
0.23525,0.056106
0.23535,0.056141
0.23545,0.056173
0.23555,0.056211
0.23564,0.056099
0.23574,0.056129
0.23584,0.056164
0.23594,0.056196
0.23604,0.056234
0.23613,0.056122
0.23623,0.056151
0.23633,0.056187
0.23643,0.056218
0.23652,0.056256
0.23662,0.056145
0.23672,0.056174
0.23682,0.056209
0.23691,0.056241
0.23701,0.056279
0.23711,0.056168
0.23721,0.056197
0.2373,0.056232
0.2374,0.056264
0.2375,0.056302
0.2376,0.05619
0.2377,0.056219
0.23779,0.056255
0.23789,0.056286
0.23799,0.056324
0.23809,0.056213
0.23818,0.056242
0.23828,0.056277
0.23838,0.056309
0.23848,0.056347
0.23857,0.056236
0.23867,0.056265
0.23877,0.0563
0.23887,0.056331
0.23896,0.056369
0.23906,0.056258
0.23916,0.056287
0.23926,0.056322
0.23936,0.056354
0.23945,0.056391
0.23955,0.056281
0.23965,0.05631
0.23975,0.056345
0.23984,0.056376
0.23994,0.056414
0.24004,0.056303
0.24014,0.056332
0.24023,0.056367
0.24033,0.056399
0.24043,0.056436
0.24053,0.056326
0.24062,0.056355
0.24072,0.05639
0.24082,0.056421
0.24092,0.056459
0.24102,0.056348
0.24111,0.056377
0.24121,0.056412
0.24131,0.056443
0.24141,0.056481
0.2415,0.056371
0.2416,0.0564
0.2417,0.056435
0.2418,0.056466
0.24189,0.056503
0.24199,0.056393
0.24209,0.056422
0.24219,0.056457
0.24229,0.056488
0.24238,0.056525
0.24248,0.056416
0.24258,0.056444
0.24268,0.056479
0.24277,0.05651
0.24287,0.056548
0.24297,0.056438
0.24307,0.056467
0.24316,0.056502
0.24326,0.056533
0.24336,0.05657
0.24346,0.056461
0.24355,0.056489
0.24365,0.056524
0.24375,0.056555
0.24385,0.056592
0.24395,0.056483
0.24404,0.056511
0.24414,0.056546
0.24424,0.056577
0.24434,0.056614
0.24443,0.056505
0.24453,0.056534
0.24463,0.056568
0.24473,0.056599
0.24482,0.056636
0.24492,0.056527
0.24502,0.056556
0.24512,0.05659
0.24521,0.056621
0.24531,0.056659
0.24541,0.05655
0.24551,0.056578
0.24561,0.056613
0.2457,0.056643
0.2458,0.056681
0.2459,0.056572
0.246,0.0566
0.24609,0.056635
0.24619,0.056666
0.24629,0.056703
0.24639,0.056594
0.24648,0.056622
0.24658,0.056657
0.24668,0.056688
0.24678,0.056725
0.24687,0.056616
0.24697,0.056644
0.24707,0.056679
0.24717,0.05671
0.24727,0.056747
0.24736,0.056638
0.24746,0.056667
0.24756,0.056701
0.24766,0.056732
0.24775,0.056769
0.24785,0.056661
0.24795,0.056689
0.24805,0.056723
0.24814,0.056754
0.24824,0.056791
0.24834,0.056683
0.24844,0.056711
0.24854,0.056745
0.24863,0.056776
0.24873,0.056813
0.24883,0.056705
0.24893,0.056733
0.24902,0.056767
0.24912,0.056798
0.24922,0.056834
0.24932,0.056727
0.24941,0.056755
0.24951,0.056789
0.24961,0.05682
0.24971,0.056856
0.2498,0.056749
0.2499,0.056777
0.25,0.056811
0.2501,0.056841
0.2502,0.056878
0.25029,0.056771
0.25039,0.056799
0.25049,0.056833
0.25059,0.056863
0.25068,0.0569
0.25078,0.056793
0.25088,0.056821
0.25098,0.056855
0.25107,0.056885
0.25117,0.056922
0.25127,0.056815
0.25137,0.056842
0.25146,0.056877
0.25156,0.056907
0.25166,0.056944
0.25176,0.056836
0.25186,0.056864
0.25195,0.056898
0.25205,0.056929
0.25215,0.056965
0.25225,0.056858
0.25234,0.056886
0.25244,0.05692
0.25254,0.056951
0.25264,0.056987
0.25273,0.05688
0.25283,0.056908
0.25293,0.056942
0.25303,0.056972
0.25312,0.057009
0.25322,0.056902
0.25332,0.05693
0.25342,0.056964
0.25352,0.056994
0.25361,0.05703
0.25371,0.056924
0.25381,0.056952
0.25391,0.056985
0.254,0.057016
0.2541,0.057052
0.2542,0.056946
0.2543,0.056973
0.25439,0.057007
0.25449,0.057037
0.25459,0.057074
0.25469,0.056967
0.25479,0.056995
0.25488,0.057029
0.25498,0.057059
0.25508,0.057095
0.25518,0.056989
0.25527,0.057017
0.25537,0.05705
0.25547,0.057081
0.25557,0.057117
0.25566,0.057011
0.25576,0.057038
0.25586,0.057072
0.25596,0.057102
0.25605,0.057138
0.25615,0.057032
0.25625,0.05706
0.25635,0.057094
0.25645,0.057124
0.25654,0.05716
0.25664,0.057054
0.25674,0.057082
0.25684,0.057115
0.25693,0.057145
0.25703,0.057181
0.25713,0.057076
0.25723,0.057103
0.25732,0.057137
0.25742,0.057167
0.25752,0.057203
0.25762,0.057097
0.25771,0.057125
0.25781,0.057158
0.25791,0.057188
0.25801,0.057224
0.25811,0.057119
0.2582,0.057146
0.2583,0.05718
0.2584,0.05721
0.2585,0.057246
0.25859,0.05714
0.25869,0.057168
0.25879,0.057201
0.25889,0.057231
0.25898,0.057267
0.25908,0.057162
0.25918,0.057189
0.25928,0.057223
0.25937,0.057253
0.25947,0.057288
0.25957,0.057183
0.25967,0.057211
0.25977,0.057244
0.25986,0.057274
0.25996,0.05731
0.26006,0.057205
0.26016,0.057232
0.26025,0.057266
0.26035,0.057295
0.26045,0.057331
0.26055,0.057226
0.26064,0.057254
0.26074,0.057287
0.26084,0.057317
0.26094,0.057352
0.26104,0.057248
0.26113,0.057275
0.26123,0.057308
0.26133,0.057338
0.26143,0.057374
0.26152,0.057269
0.26162,0.057296
0.26172,0.05733
0.26182,0.057359
0.26191,0.057395
0.26201,0.05729
0.26211,0.057318
0.26221,0.057351
0.2623,0.05738
0.2624,0.057416
0.2625,0.057312
0.2626,0.057339
0.2627,0.057372
0.26279,0.057402
0.26289,0.057437
0.26299,0.057333
0.26309,0.05736
0.26318,0.057393
0.26328,0.057423
0.26338,0.057458
0.26348,0.057354
0.26357,0.057381
0.26367,0.057415
0.26377,0.057444
0.26387,0.05748
0.26396,0.057376
0.26406,0.057403
0.26416,0.057436
0.26426,0.057465
0.26436,0.057501
0.26445,0.057397
0.26455,0.057424
0.26465,0.057457
0.26475,0.057486
0.26484,0.057522
0.26494,0.057418
0.26504,0.057445
0.26514,0.057478
0.26523,0.057508
0.26533,0.057543
0.26543,0.057439
0.26553,0.057466
0.26562,0.057499
0.26572,0.057529
0.26582,0.057564
0.26592,0.057461
0.26602,0.057487
0.26611,0.05752
0.26621,0.05755
0.26631,0.057585
0.26641,0.057482
0.2665,0.057509
0.2666,0.057541
0.2667,0.057571
0.2668,0.057606
0.26689,0.057503
0.26699,0.05753
0.26709,0.057562
0.26719,0.057592
0.26729,0.057627
0.26738,0.057524
0.26748,0.057551
0.26758,0.057584
0.26768,0.057613
0.26777,0.057648
0.26787,0.057545
0.26797,0.057572
0.26807,0.057605
0.26816,0.057634
0.26826,0.057669
0.26836,0.057566
0.26846,0.057593
0.26855,0.057626
0.26865,0.057655
0.26875,0.05769
0.26885,0.057587
0.26895,0.057614
0.26904,0.057646
0.26914,0.057676
0.26924,0.057711
0.26934,0.057608
0.26943,0.057635
0.26953,0.057667
0.26963,0.057697
0.26973,0.057732
0.26982,0.057629
0.26992,0.057656
0.27002,0.057688
0.27012,0.057717
0.27021,0.057752
0.27031,0.05765
0.27041,0.057677
0.27051,0.057709
0.27061,0.057738
0.2707,0.057773
0.2708,0.057671
0.2709,0.057698
0.271,0.05773
0.27109,0.057759
0.27119,0.057794
0.27129,0.057692
0.27139,0.057718
0.27148,0.057751
0.27158,0.05778
0.27168,0.057815
0.27178,0.057713
0.27187,0.057739
0.27197,0.057772
0.27207,0.057801
0.27217,0.057835
0.27227,0.057734
0.27236,0.05776
0.27246,0.057793
0.27256,0.057821
0.27266,0.057856
0.27275,0.057754
0.27285,0.057781
0.27295,0.057813
0.27305,0.057842
0.27314,0.057877
0.27324,0.057775
0.27334,0.057802
0.27344,0.057834
0.27354,0.057863
0.27363,0.057898
0.27373,0.057796
0.27383,0.057822
0.27393,0.057855
0.27402,0.057884
0.27412,0.057918
0.27422,0.057817
0.27432,0.057843
0.27441,0.057875
0.27451,0.057904
0.27461,0.057939
0.27471,0.057838
0.2748,0.057864
0.2749,0.057896
0.275,0.057925
0.2751,0.057959
0.2752,0.057858
0.27529,0.057885
0.27539,0.057917
0.27549,0.057946
0.27559,0.05798
0.27568,0.057879
0.27578,0.057905
0.27588,0.057937
0.27598,0.057966
0.27607,0.058001
0.27617,0.0579
0.27627,0.057926
0.27637,0.057958
0.27646,0.057987
0.27656,0.058021
0.27666,0.05792
0.27676,0.057947
0.27686,0.057979
0.27695,0.058007
0.27705,0.058042
0.27715,0.057941
0.27725,0.057967
0.27734,0.057999
0.27744,0.058028
0.27754,0.058062
0.27764,0.057962
0.27773,0.057988
0.27783,0.05802
0.27793,0.058048
0.27803,0.058083
0.27812,0.057982
0.27822,0.058008
0.27832,0.05804
0.27842,0.058069
0.27852,0.058103
0.27861,0.058003
0.27871,0.058029
0.27881,0.058061
0.27891,0.058089
0.279,0.058124
0.2791,0.058023
0.2792,0.058049
0.2793,0.058081
0.27939,0.05811
0.27949,0.058144
0.27959,0.058044
0.27969,0.05807
0.27979,0.058102
0.27988,0.05813
0.27998,0.058164
0.28008,0.058064
0.28018,0.05809
0.28027,0.058122
0.28037,0.058151
0.28047,0.058185
0.28057,0.058085
0.28066,0.058111
0.28076,0.058143
0.28086,0.058171
0.28096,0.058205
0.28105,0.058105
0.28115,0.058131
0.28125,0.058163
0.28135,0.058191
0.28145,0.058225
0.28154,0.058126
0.28164,0.058152
0.28174,0.058183
0.28184,0.058212
0.28193,0.058246
0.28203,0.058146
0.28213,0.058172
0.28223,0.058204
0.28232,0.058232
0.28242,0.058266
0.28252,0.058166
0.28262,0.058192
0.28271,0.058224
0.28281,0.058252
0.28291,0.058286
0.28301,0.058187
0.28311,0.058213
0.2832,0.058244
0.2833,0.058272
0.2834,0.058306
0.2835,0.058207
0.28359,0.058233
0.28369,0.058265
0.28379,0.058293
0.28389,0.058327
0.28398,0.058227
0.28408,0.058253
0.28418,0.058285
0.28428,0.058313
0.28437,0.058347
0.28447,0.058248
0.28457,0.058274
0.28467,0.058305
0.28477,0.058333
0.28486,0.058367
0.28496,0.058268
0.28506,0.058294
0.28516,0.058325
0.28525,0.058353
0.28535,0.058387
0.28545,0.058288
0.28555,0.058314
0.28564,0.058345
0.28574,0.058374
0.28584,0.058407
0.28594,0.058309
0.28604,0.058334
0.28613,0.058366
0.28623,0.058394
0.28633,0.058427
0.28643,0.058329
0.28652,0.058354
0.28662,0.058386
0.28672,0.058414
0.28682,0.058447
0.28691,0.058349
0.28701,0.058375
0.28711,0.058406
0.28721,0.058434
0.2873,0.058468
0.2874,0.058369
0.2875,0.058395
0.2876,0.058426
0.2877,0.058454
0.28779,0.058488
0.28789,0.058389
0.28799,0.058415
0.28809,0.058446
0.28818,0.058474
0.28828,0.058508
0.28838,0.058409
0.28848,0.058435
0.28857,0.058466
0.28867,0.058494
0.28877,0.058528
0.28887,0.058429
0.28896,0.058455
0.28906,0.058486
0.28916,0.058514
0.28926,0.058548
0.28936,0.05845
0.28945,0.058475
0.28955,0.058506
0.28965,0.058534
0.28975,0.058567
0.28984,0.05847
0.28994,0.058495
0.29004,0.058526
0.29014,0.058554
0.29023,0.058587
0.29033,0.05849
0.29043,0.058515
0.29053,0.058546
0.29062,0.058574
0.29072,0.058607
0.29082,0.05851
0.29092,0.058535
0.29102,0.058566
0.29111,0.058594
0.29121,0.058627
0.29131,0.05853
0.29141,0.058555
0.2915,0.058586
0.2916,0.058614
0.2917,0.058647
0.2918,0.05855
0.29189,0.058575
0.29199,0.058606
0.29209,0.058634
0.29219,0.058667
0.29229,0.05857
0.29238,0.058595
0.29248,0.058626
0.29258,0.058654
0.29268,0.058687
0.29277,0.05859
0.29287,0.058615
0.29297,0.058646
0.29307,0.058673
0.29316,0.058707
0.29326,0.058609
0.29336,0.058635
0.29346,0.058666
0.29355,0.058693
0.29365,0.058726
0.29375,0.058629
0.29385,0.058655
0.29395,0.058685
0.29404,0.058713
0.29414,0.058746
0.29424,0.058649
0.29434,0.058674
0.29443,0.058705
0.29453,0.058733
0.29463,0.058766
0.29473,0.058669
0.29482,0.058694
0.29492,0.058725
0.29502,0.058753
0.29512,0.058786
0.29521,0.058689
0.29531,0.058714
0.29541,0.058745
0.29551,0.058772
0.29561,0.058805
0.2957,0.058709
0.2958,0.058734
0.2959,0.058765
0.296,0.058792
0.29609,0.058825
0.29619,0.058729
0.29629,0.058754
0.29639,0.058784
0.29648,0.058812
0.29658,0.058845
0.29668,0.058748
0.29678,0.058773
0.29688,0.058804
0.29697,0.058831
0.29707,0.058864
0.29717,0.058768
0.29727,0.058793
0.29736,0.058824
0.29746,0.058851
0.29756,0.058884
0.29766,0.058788
0.29775,0.058813
0.29785,0.058843
0.29795,0.058871
0.29805,0.058904
0.29814,0.058807
0.29824,0.058832
0.29834,0.058863
0.29844,0.05889
0.29854,0.058923
0.29863,0.058827
0.29873,0.058852
0.29883,0.058883
0.29893,0.05891
0.29902,0.058943
0.29912,0.058847
0.29922,0.058872
0.29932,0.058902
0.29941,0.05893
0.29951,0.058962
0.29961,0.058866
0.29971,0.058891
0.2998,0.058922
0.2999,0.058949
0.3,0.058982
0.3001,0.058886
0.3002,0.058911
0.30029,0.058941
0.30039,0.058969
0.30049,0.059001
0.30059,0.058906
0.30068,0.058931
0.30078,0.058961
0.30088,0.058988
0.30098,0.059021
0.30107,0.058925
0.30117,0.05895
0.30127,0.058981
0.30137,0.059008
0.30146,0.05904
0.30156,0.058945
0.30166,0.05897
0.30176,0.059
0.30186,0.059027
0.30195,0.05906
0.30205,0.058964
0.30215,0.058989
0.30225,0.05902
0.30234,0.059047
0.30244,0.059079
0.30254,0.058984
0.30264,0.059009
0.30273,0.059039
0.30283,0.059066
0.30293,0.059099
0.30303,0.059003
0.30313,0.059028
0.30322,0.059058
0.30332,0.059085
0.30342,0.059118
0.30352,0.059023
0.30361,0.059048
0.30371,0.059078
0.30381,0.059105
0.30391,0.059137
0.304,0.059042
0.3041,0.059067
0.3042,0.059097
0.3043,0.059124
0.30439,0.059157
0.30449,0.059062
0.30459,0.059087
0.30469,0.059117
0.30479,0.059144
0.30488,0.059176
0.30498,0.059081
0.30508,0.059106
0.30518,0.059136
0.30527,0.059163
0.30537,0.059195
0.30547,0.059101
0.30557,0.059125
0.30566,0.059155
0.30576,0.059182
0.30586,0.059215
0.30596,0.05912
0.30605,0.059145
0.30615,0.059175
0.30625,0.059202
0.30635,0.059234
0.30645,0.059139
0.30654,0.059164
0.30664,0.059194
0.30674,0.059221
0.30684,0.059253
0.30693,0.059159
0.30703,0.059183
0.30713,0.059213
0.30723,0.05924
0.30732,0.059272
0.30742,0.059178
0.30752,0.059203
0.30762,0.059233
0.30771,0.059259
0.30781,0.059292
0.30791,0.059197
0.30801,0.059222
0.30811,0.059252
0.3082,0.059279
0.3083,0.059311
0.3084,0.059217
0.3085,0.059241
0.30859,0.059271
0.30869,0.059298
0.30879,0.05933
0.30889,0.059236
0.30898,0.05926
0.30908,0.05929
0.30918,0.059317
0.30928,0.059349
0.30938,0.059255
0.30947,0.05928
0.30957,0.05931
0.30967,0.059336
0.30977,0.059368
0.30986,0.059275
0.30996,0.059299
0.31006,0.059329
0.31016,0.059355
0.31025,0.059387
0.31035,0.059294
0.31045,0.059318
0.31055,0.059348
0.31064,0.059374
0.31074,0.059406
0.31084,0.059313
0.31094,0.059337
0.31104,0.059367
0.31113,0.059394
0.31123,0.059425
0.31133,0.059332
0.31143,0.059356
0.31152,0.059386
0.31162,0.059413
0.31172,0.059445
0.31182,0.059351
0.31191,0.059376
0.31201,0.059405
0.31211,0.059432
0.31221,0.059464
0.3123,0.05937
0.3124,0.059395
0.3125,0.059424
0.3126,0.059451
0.3127,0.059483
0.31279,0.05939
0.31289,0.059414
0.31299,0.059443
0.31309,0.05947
0.31318,0.059502
0.31328,0.059409
0.31338,0.059433
0.31348,0.059462
0.31357,0.059489
0.31367,0.059521
0.31377,0.059428
0.31387,0.059452
0.31396,0.059481
0.31406,0.059508
0.31416,0.05954
0.31426,0.059447
0.31436,0.059471
0.31445,0.0595
0.31455,0.059527
0.31465,0.059559
0.31475,0.059466
0.31484,0.05949
0.31494,0.059519
0.31504,0.059546
0.31514,0.059577
0.31523,0.059485
0.31533,0.059509
0.31543,0.059538
0.31553,0.059565
0.31563,0.059596
0.31572,0.059504
0.31582,0.059528
0.31592,0.059557
0.31602,0.059584
0.31611,0.059615
0.31621,0.059523
0.31631,0.059547
0.31641,0.059576
0.3165,0.059603
0.3166,0.059634
0.3167,0.059542
0.3168,0.059566
0.31689,0.059595
0.31699,0.059621
0.31709,0.059653
0.31719,0.059561
0.31729,0.059585
0.31738,0.059614
0.31748,0.05964
0.31758,0.059672
0.31768,0.05958
0.31777,0.059604
0.31787,0.059633
0.31797,0.059659
0.31807,0.059691
0.31816,0.059599
0.31826,0.059623
0.31836,0.059652
0.31846,0.059678
0.31855,0.059709
0.31865,0.059617
0.31875,0.059641
0.31885,0.059671
0.31895,0.059697
0.31904,0.059728
0.31914,0.059636
0.31924,0.05966
0.31934,0.05969
0.31943,0.059716
0.31953,0.059747
0.31963,0.059655
0.31973,0.059679
0.31982,0.059708
0.31992,0.059734
0.32002,0.059766
0.32012,0.059674
0.32021,0.059698
0.32031,0.059727
0.32041,0.059753
0.32051,0.059784
0.32061,0.059693
0.3207,0.059717
0.3208,0.059746
0.3209,0.059772
0.321,0.059803
0.32109,0.059712
0.32119,0.059736
0.32129,0.059765
0.32139,0.059791
0.32148,0.059822
0.32158,0.05973
0.32168,0.059754
0.32178,0.059783
0.32188,0.059809
0.32197,0.059841
0.32207,0.059749
0.32217,0.059773
0.32227,0.059802
0.32236,0.059828
0.32246,0.059859
0.32256,0.059768
0.32266,0.059792
0.32275,0.059821
0.32285,0.059847
0.32295,0.059878
0.32305,0.059787
0.32314,0.05981
0.32324,0.059839
0.32334,0.059865
0.32344,0.059896
0.32354,0.059805
0.32363,0.059829
0.32373,0.059858
0.32383,0.059884
0.32393,0.059915
0.32402,0.059824
0.32412,0.059848
0.32422,0.059877
0.32432,0.059903
0.32441,0.059934
0.32451,0.059843
0.32461,0.059866
0.32471,0.059895
0.3248,0.059921
0.3249,0.059952
0.325,0.059861
0.3251,0.059885
0.3252,0.059914
0.32529,0.05994
0.32539,0.059971
0.32549,0.05988
0.32559,0.059904
0.32568,0.059933
0.32578,0.059958
0.32588,0.059989
0.32598,0.059899
0.32607,0.059922
0.32617,0.059951
0.32627,0.059977
0.32637,0.060008
0.32646,0.059917
0.32656,0.059941
0.32666,0.05997
0.32676,0.059995
0.32686,0.060026
0.32695,0.059936
0.32705,0.059959
0.32715,0.059988
0.32725,0.060014
0.32734,0.060045
0.32744,0.059954
0.32754,0.059978
0.32764,0.060007
0.32773,0.060032
0.32783,0.060063
0.32793,0.059973
0.32803,0.059997
0.32813,0.060025
0.32822,0.060051
0.32832,0.060082
0.32842,0.059992
0.32852,0.060015
0.32861,0.060044
0.32871,0.060069
0.32881,0.0601
0.32891,0.06001
0.329,0.060034
0.3291,0.060062
0.3292,0.060088
0.3293,0.060119
0.32939,0.060029
0.32949,0.060052
0.32959,0.060081
0.32969,0.060106
0.32979,0.060137
0.32988,0.060047
0.32998,0.06007
0.33008,0.060099
0.33018,0.060125
0.33027,0.060155
0.33037,0.060066
0.33047,0.060089
0.33057,0.060118
0.33066,0.060143
0.33076,0.060174
0.33086,0.060084
0.33096,0.060107
0.33105,0.060136
0.33115,0.060161
0.33125,0.060192
0.33135,0.060102
0.33145,0.060126
0.33154,0.060154
0.33164,0.06018
0.33174,0.06021
0.33184,0.060121
0.33193,0.060144
0.33203,0.060173
0.33213,0.060198
0.33223,0.060229
0.33232,0.060139
0.33242,0.060163
0.33252,0.060191
0.33262,0.060216
0.33271,0.060247
0.33281,0.060158
0.33291,0.060181
0.33301,0.060209
0.33311,0.060235
0.3332,0.060265
0.3333,0.060176
0.3334,0.060199
0.3335,0.060228
0.33359,0.060253
0.33369,0.060283
0.33379,0.060194
0.33389,0.060218
0.33398,0.060246
0.33408,0.060271
0.33418,0.060302
0.33428,0.060213
0.33438,0.060236
0.33447,0.060264
0.33457,0.060289
0.33467,0.06032
0.33477,0.060231
0.33486,0.060254
0.33496,0.060282
0.33506,0.060308
0.33516,0.060338
0.33525,0.060249
0.33535,0.060272
0.33545,0.060301
0.33555,0.060326
0.33564,0.060356
0.33574,0.060268
0.33584,0.060291
0.33594,0.060319
0.33604,0.060344
0.33613,0.060374
0.33623,0.060286
0.33633,0.060309
0.33643,0.060337
0.33652,0.060362
0.33662,0.060393
0.33672,0.060304
0.33682,0.060327
0.33691,0.060355
0.33701,0.060381
0.33711,0.060411
0.33721,0.060322
0.3373,0.060345
0.3374,0.060374
0.3375,0.060399
0.3376,0.060429
0.3377,0.06034
0.33779,0.060363
0.33789,0.060392
0.33799,0.060417
0.33809,0.060447
0.33818,0.060359
0.33828,0.060382
0.33838,0.06041
0.33848,0.060435
0.33857,0.060465
0.33867,0.060377
0.33877,0.0604
0.33887,0.060428
0.33896,0.060453
0.33906,0.060483
0.33916,0.060395
0.33926,0.060418
0.33936,0.060446
0.33945,0.060471
0.33955,0.060501
0.33965,0.060413
0.33975,0.060436
0.33984,0.060464
0.33994,0.060489
0.34004,0.060519
0.34014,0.060431
0.34023,0.060454
0.34033,0.060482
0.34043,0.060507
0.34053,0.060537
0.34063,0.060449
0.34072,0.060472
0.34082,0.0605
0.34092,0.060525
0.34102,0.060555
0.34111,0.060467
0.34121,0.06049
0.34131,0.060518
0.34141,0.060543
0.3415,0.060573
0.3416,0.060486
0.3417,0.060508
0.3418,0.060536
0.34189,0.060561
0.34199,0.060591
0.34209,0.060504
0.34219,0.060526
0.34229,0.060554
0.34238,0.060579
0.34248,0.060609
0.34258,0.060522
0.34268,0.060544
0.34277,0.060572
0.34287,0.060597
0.34297,0.060627
0.34307,0.06054
0.34316,0.060562
0.34326,0.06059
0.34336,0.060615
0.34346,0.060645
0.34355,0.060558
0.34365,0.06058
0.34375,0.060608
0.34385,0.060633
0.34395,0.060663
0.34404,0.060576
0.34414,0.060598
0.34424,0.060626
0.34434,0.060651
0.34443,0.060681
0.34453,0.060594
0.34463,0.060616
0.34473,0.060644
0.34482,0.060669
0.34492,0.060699
0.34502,0.060612
0.34512,0.060634
0.34521,0.060662
0.34531,0.060687
0.34541,0.060717
0.34551,0.06063
0.34561,0.060652
0.3457,0.06068
0.3458,0.060705
0.3459,0.060734
0.346,0.060647
0.34609,0.06067
0.34619,0.060698
0.34629,0.060723
0.34639,0.060752
0.34648,0.060665
0.34658,0.060688
0.34668,0.060716
0.34678,0.06074
0.34688,0.06077
0.34697,0.060683
0.34707,0.060706
0.34717,0.060734
0.34727,0.060758
0.34736,0.060788
0.34746,0.060701
0.34756,0.060724
0.34766,0.060751
0.34775,0.060776
0.34785,0.060806
0.34795,0.060719
0.34805,0.060742
0.34814,0.060769
0.34824,0.060794
0.34834,0.060823
0.34844,0.060737
0.34854,0.060759
0.34863,0.060787
0.34873,0.060812
0.34883,0.060841
0.34893,0.060755
0.34902,0.060777
0.34912,0.060805
0.34922,0.060829
0.34932,0.060859
0.34941,0.060772
0.34951,0.060795
0.34961,0.060823
0.34971,0.060847
0.3498,0.060877
0.3499,0.06079
0.35,0.060813
0.3501,0.06084
0.3502,0.060865
0.35029,0.060894
0.35039,0.060808
0.35049,0.060831
0.35059,0.060858
0.35068,0.060883
0.35078,0.060912
0.35088,0.060826
0.35098,0.060848
0.35107,0.060876
0.35117,0.0609
0.35127,0.06093
0.35137,0.060844
0.35146,0.060866
0.35156,0.060893
0.35166,0.060918
0.35176,0.060947
0.35186,0.060861
0.35195,0.060884
0.35205,0.060911
0.35215,0.060936
0.35225,0.060965
0.35234,0.060879
0.35244,0.060901
0.35254,0.060929
0.35264,0.060953
0.35273,0.060983
0.35283,0.060897
0.35293,0.060919
0.35303,0.060946
0.35313,0.060971
0.35322,0.061
0.35332,0.060914
0.35342,0.060937
0.35352,0.060964
0.35361,0.060988
0.35371,0.061018
0.35381,0.060932
0.35391,0.060954
0.354,0.060982
0.3541,0.061006
0.3542,0.061035
0.3543,0.06095
0.35439,0.060972
0.35449,0.060999
0.35459,0.061024
0.35469,0.061053
0.35479,0.060967
0.35488,0.06099
0.35498,0.061017
0.35508,0.061041
0.35518,0.06107
0.35527,0.060985
0.35537,0.061007
0.35547,0.061034
0.35557,0.061059
0.35566,0.061088
0.35576,0.061003
0.35586,0.061025
0.35596,0.061052
0.35605,0.061076
0.35615,0.061106
0.35625,0.06102
0.35635,0.061042
0.35645,0.06107
0.35654,0.061094
0.35664,0.061123
0.35674,0.061038
0.35684,0.06106
0.35693,0.061087
0.35703,0.061111
0.35713,0.06114
0.35723,0.061055
0.35732,0.061078
0.35742,0.061105
0.35752,0.061129
0.35762,0.061158
0.35771,0.061073
0.35781,0.061095
0.35791,0.061122
0.35801,0.061146
0.35811,0.061175
0.3582,0.06109
0.3583,0.061113
0.3584,0.06114
0.3585,0.061164
0.35859,0.061193
0.35869,0.061108
0.35879,0.06113
0.35889,0.061157
0.35898,0.061181
0.35908,0.06121
0.35918,0.061125
0.35928,0.061148
0.35938,0.061175
0.35947,0.061199
0.35957,0.061228
0.35967,0.061143
0.35977,0.061165
0.35986,0.061192
0.35996,0.061216
0.36006,0.061245
0.36016,0.06116
0.36025,0.061182
0.36035,0.061209
0.36045,0.061233
0.36055,0.061262
0.36064,0.061178
0.36074,0.0612
0.36084,0.061227
0.36094,0.061251
0.36104,0.06128
0.36113,0.061195
0.36123,0.061217
0.36133,0.061244
0.36143,0.061268
0.36152,0.061297
0.36162,0.061213
0.36172,0.061235
0.36182,0.061262
0.36191,0.061286
0.36201,0.061314
0.36211,0.06123
0.36221,0.061252
0.3623,0.061279
0.3624,0.061303
0.3625,0.061332
0.3626,0.061247
0.3627,0.061269
0.36279,0.061296
0.36289,0.06132
0.36299,0.061349
0.36309,0.061265
0.36318,0.061287
0.36328,0.061314
0.36338,0.061338
0.36348,0.061366
0.36357,0.061282
0.36367,0.061304
0.36377,0.061331
0.36387,0.061355
0.36396,0.061384
0.36406,0.0613
0.36416,0.061321
0.36426,0.061348
0.36436,0.061372
0.36445,0.061401
0.36455,0.061317
0.36465,0.061339
0.36475,0.061366
0.36484,0.061389
0.36494,0.061418
0.36504,0.061334
0.36514,0.061356
0.36523,0.061383
0.36533,0.061407
0.36543,0.061435
0.36553,0.061352
0.36563,0.061373
0.36572,0.0614
0.36582,0.061424
0.36592,0.061453
0.36602,0.061369
0.36611,0.061391
0.36621,0.061417
0.36631,0.061441
0.36641,0.06147
0.3665,0.061386
0.3666,0.061408
0.3667,0.061435
0.3668,0.061458
0.36689,0.061487
0.36699,0.061403
0.36709,0.061425
0.36719,0.061452
0.36729,0.061476
0.36738,0.061504
0.36748,0.061421
0.36758,0.061442
0.36768,0.061469
0.36777,0.061493
0.36787,0.061521
0.36797,0.061438
0.36807,0.06146
0.36816,0.061486
0.36826,0.06151
0.36836,0.061538
0.36846,0.061455
0.36855,0.061477
0.36865,0.061503
0.36875,0.061527
0.36885,0.061556
0.36895,0.061472
0.36904,0.061494
0.36914,0.06152
0.36924,0.061544
0.36934,0.061573
0.36943,0.061489
0.36953,0.061511
0.36963,0.061538
0.36973,0.061561
0.36982,0.06159
0.36992,0.061507
0.37002,0.061528
0.37012,0.061555
0.37021,0.061578
0.37031,0.061607
0.37041,0.061524
0.37051,0.061545
0.37061,0.061572
0.3707,0.061595
0.3708,0.061624
0.3709,0.061541
0.371,0.061562
0.37109,0.061589
0.37119,0.061613
0.37129,0.061641
0.37139,0.061558
0.37148,0.06158
0.37158,0.061606
0.37168,0.06163
0.37178,0.061658
0.37188,0.061575
0.37197,0.061597
0.37207,0.061623
0.37217,0.061647
0.37227,0.061675
0.37236,0.061592
0.37246,0.061614
0.37256,0.06164
0.37266,0.061664
0.37275,0.061692
0.37285,0.061609
0.37295,0.061631
0.37305,0.061657
0.37314,0.061681
0.37324,0.061709
0.37334,0.061626
0.37344,0.061648
0.37354,0.061674
0.37363,0.061698
0.37373,0.061726
0.37383,0.061643
0.37393,0.061665
0.37402,0.061691
0.37412,0.061715
0.37422,0.061743
0.37432,0.06166
0.37441,0.061682
0.37451,0.061708
0.37461,0.061732
0.37471,0.06176
0.3748,0.061677
0.3749,0.061699
0.375,0.061725
0.3751,0.061749
0.3752,0.061777
0.37529,0.061694
0.37539,0.061716
0.37549,0.061742
0.37559,0.061766
0.37568,0.061794
0.37578,0.061711
0.37588,0.061733
0.37598,0.061759
0.37607,0.061782
0.37617,0.061811
0.37627,0.061728
0.37637,0.06175
0.37646,0.061776
0.37656,0.061799
0.37666,0.061828
0.37676,0.061745
0.37686,0.061767
0.37695,0.061793
0.37705,0.061816
0.37715,0.061844
0.37725,0.061762
0.37734,0.061784
0.37744,0.06181
0.37754,0.061833
0.37764,0.061861
0.37773,0.061779
0.37783,0.061801
0.37793,0.061827
0.37803,0.06185
0.37813,0.061878
0.37822,0.061796
0.37832,0.061818
0.37842,0.061844
0.37852,0.061867
0.37861,0.061895
0.37871,0.061813
0.37881,0.061834
0.37891,0.061861
0.379,0.061884
0.3791,0.061912
0.3792,0.06183
0.3793,0.061851
0.37939,0.061877
0.37949,0.061901
0.37959,0.061929
0.37969,0.061847
0.37979,0.061868
0.37988,0.061894
0.37998,0.061917
0.38008,0.061945
0.38018,0.061864
0.38027,0.061885
0.38037,0.061911
0.38047,0.061934
0.38057,0.061962
0.38066,0.061881
0.38076,0.061902
0.38086,0.061928
0.38096,0.061951
0.38105,0.061979
0.38115,0.061897
0.38125,0.061919
0.38135,0.061945
0.38145,0.061968
0.38154,0.061996
0.38164,0.061914
0.38174,0.061936
0.38184,0.061961
0.38193,0.061985
0.38203,0.062012
0.38213,0.061931
0.38223,0.061952
0.38232,0.061978
0.38242,0.062001
0.38252,0.062029
0.38262,0.061948
0.38271,0.061969
0.38281,0.061995
0.38291,0.062018
0.38301,0.062046
0.38311,0.061965
0.3832,0.061986
0.3833,0.062012
0.3834,0.062035
0.3835,0.062063
0.38359,0.061981
0.38369,0.062003
0.38379,0.062028
0.38389,0.062051
0.38398,0.062079
0.38408,0.061998
0.38418,0.062019
0.38428,0.062045
0.38438,0.062068
0.38447,0.062096
0.38457,0.062015
0.38467,0.062036
0.38477,0.062062
0.38486,0.062085
0.38496,0.062113
0.38506,0.062032
0.38516,0.062053
0.38525,0.062079
0.38535,0.062102
0.38545,0.062129
0.38555,0.062048
0.38564,0.062069
0.38574,0.062095
0.38584,0.062118
0.38594,0.062146
0.38604,0.062065
0.38613,0.062086
0.38623,0.062112
0.38633,0.062135
0.38643,0.062162
0.38652,0.062082
0.38662,0.062103
0.38672,0.062129
0.38682,0.062151
0.38691,0.062179
0.38701,0.062098
0.38711,0.062119
0.38721,0.062145
0.3873,0.062168
0.3874,0.062196
0.3875,0.062115
0.3876,0.062136
0.3877,0.062162
0.38779,0.062185
0.38789,0.062212
0.38799,0.062132
0.38809,0.062153
0.38818,0.062178
0.38828,0.062201
0.38838,0.062229
0.38848,0.062148
0.38857,0.062169
0.38867,0.062195
0.38877,0.062218
0.38887,0.062245
0.38896,0.062165
0.38906,0.062186
0.38916,0.062212
0.38926,0.062234
0.38936,0.062262
0.38945,0.062182
0.38955,0.062203
0.38965,0.062228
0.38975,0.062251
0.38984,0.062278
0.38994,0.062198
0.39004,0.062219
0.39014,0.062245
0.39023,0.062267
0.39033,0.062295
0.39043,0.062215
0.39053,0.062236
0.39063,0.062261
0.39072,0.062284
0.39082,0.062311
0.39092,0.062231
0.39102,0.062252
0.39111,0.062278
0.39121,0.0623
0.39131,0.062328
0.39141,0.062248
0.3915,0.062269
0.3916,0.062294
0.3917,0.062317
0.3918,0.062344
0.39189,0.062264
0.39199,0.062285
0.39209,0.062311
0.39219,0.062333
0.39229,0.062361
0.39238,0.062281
0.39248,0.062302
0.39258,0.062327
0.39268,0.06235
0.39277,0.062377
0.39287,0.062297
0.39297,0.062318
0.39307,0.062344
0.39316,0.062366
0.39326,0.062394
0.39336,0.062314
0.39346,0.062335
0.39355,0.06236
0.39365,0.062383
0.39375,0.06241
0.39385,0.06233
0.39395,0.062351
0.39404,0.062377
0.39414,0.062399
0.39424,0.062426
0.39434,0.062347
0.39443,0.062368
0.39453,0.062393
0.39463,0.062416
0.39473,0.062443
0.39482,0.062363
0.39492,0.062384
0.39502,0.062409
0.39512,0.062432
0.39521,0.062459
0.39531,0.06238
0.39541,0.062401
0.39551,0.062426
0.39561,0.062448
0.3957,0.062476
0.3958,0.062396
0.3959,0.062417
0.396,0.062442
0.39609,0.062465
0.39619,0.062492
0.39629,0.062413
0.39639,0.062433
0.39648,0.062459
0.39658,0.062481
0.39668,0.062508
0.39678,0.062429
0.39688,0.06245
0.39697,0.062475
0.39707,0.062497
0.39717,0.062525
0.39727,0.062445
0.39736,0.062466
0.39746,0.062491
0.39756,0.062514
0.39766,0.062541
0.39775,0.062462
0.39785,0.062482
0.39795,0.062508
0.39805,0.06253
0.39814,0.062557
0.39824,0.062478
0.39834,0.062499
0.39844,0.062524
0.39854,0.062546
0.39863,0.062573
0.39873,0.062495
0.39883,0.062515
0.39893,0.06254
0.39902,0.062563
0.39912,0.06259
0.39922,0.062511
0.39932,0.062531
0.39941,0.062557
0.39951,0.062579
0.39961,0.062606
0.39971,0.062527
0.3998,0.062548
0.3999,0.062573
0.4,0.062595
0.4001,0.062622
0.4002,0.062544
0.40029,0.062564
0.40039,0.062589
0.40049,0.062612
0.40059,0.062639
0.40068,0.06256
0.40078,0.06258
0.40088,0.062605
0.40098,0.062628
0.40107,0.062655
0.40117,0.062576
0.40127,0.062597
0.40137,0.062622
0.40146,0.062644
0.40156,0.062671
0.40166,0.062592
0.40176,0.062613
0.40186,0.062638
0.40195,0.06266
0.40205,0.062687
0.40215,0.062609
0.40225,0.062629
0.40234,0.062654
0.40244,0.062676
0.40254,0.062703
0.40264,0.062625
0.40273,0.062645
0.40283,0.06267
0.40293,0.062693
0.40303,0.062719
0.40313,0.062641
0.40322,0.062662
0.40332,0.062687
0.40342,0.062709
0.40352,0.062736
0.40361,0.062657
0.40371,0.062678
0.40381,0.062703
0.40391,0.062725
0.404,0.062752
0.4041,0.062674
0.4042,0.062694
0.4043,0.062719
0.40439,0.062741
0.40449,0.062768
0.40459,0.06269
0.40469,0.06271
0.40479,0.062735
0.40488,0.062757
0.40498,0.062784
0.40508,0.062706
0.40518,0.062726
0.40527,0.062751
0.40537,0.062773
0.40547,0.0628
0.40557,0.062722
0.40566,0.062742
0.40576,0.062767
0.40586,0.062789
0.40596,0.062816
0.40605,0.062738
0.40615,0.062759
0.40625,0.062783
0.40635,0.062806
0.40645,0.062832
0.40654,0.062754
0.40664,0.062775
0.40674,0.0628
0.40684,0.062822
0.40693,0.062848
0.40703,0.062771
0.40713,0.062791
0.40723,0.062816
0.40732,0.062838
0.40742,0.062864
0.40752,0.062787
0.40762,0.062807
0.40771,0.062832
0.40781,0.062854
0.40791,0.06288
0.40801,0.062803
0.40811,0.062823
0.4082,0.062848
0.4083,0.06287
0.4084,0.062896
0.4085,0.062819
0.40859,0.062839
0.40869,0.062864
0.40879,0.062886
0.40889,0.062913
0.40898,0.062835
0.40908,0.062855
0.40918,0.06288
0.40928,0.062902
0.40938,0.062929
0.40947,0.062851
0.40957,0.062871
0.40967,0.062896
0.40977,0.062918
0.40986,0.062944
0.40996,0.062867
0.41006,0.062887
0.41016,0.062912
0.41025,0.062934
0.41035,0.06296
0.41045,0.062883
0.41055,0.062903
0.41064,0.062928
0.41074,0.06295
0.41084,0.062976
0.41094,0.062899
0.41104,0.062919
0.41113,0.062944
0.41123,0.062966
0.41133,0.062992
0.41143,0.062915
0.41152,0.062935
0.41162,0.06296
0.41172,0.062982
0.41182,0.063008
0.41191,0.062931
0.41201,0.062951
0.41211,0.062976
0.41221,0.062998
0.4123,0.063024
0.4124,0.062947
0.4125,0.062967
0.4126,0.062992
0.4127,0.063014
0.41279,0.06304
0.41289,0.062963
0.41299,0.062983
0.41309,0.063008
0.41318,0.06303
0.41328,0.063056
0.41338,0.062979
0.41348,0.062999
0.41357,0.063024
0.41367,0.063046
0.41377,0.063072
0.41387,0.062995
0.41396,0.063015
0.41406,0.06304
0.41416,0.063062
0.41426,0.063088
0.41436,0.063011
0.41445,0.063031
0.41455,0.063056
0.41465,0.063077
0.41475,0.063104
0.41484,0.063027
0.41494,0.063047
0.41504,0.063071
0.41514,0.063093
0.41523,0.06312
0.41533,0.063043
0.41543,0.063063
0.41553,0.063087
0.41563,0.063109
0.41572,0.063135
0.41582,0.063059
0.41592,0.063079
0.41602,0.063103
0.41611,0.063125
0.41621,0.063151
0.41631,0.063075
0.41641,0.063095
0.4165,0.063119
0.4166,0.063141
0.4167,0.063167
0.4168,0.063091
0.41689,0.06311
0.41699,0.063135
0.41709,0.063157
0.41719,0.063183
0.41729,0.063106
0.41738,0.063126
0.41748,0.063151
0.41758,0.063172
0.41768,0.063199
0.41777,0.063122
0.41787,0.063142
0.41797,0.063167
0.41807,0.063188
0.41816,0.063214
0.41826,0.063138
0.41836,0.063158
0.41846,0.063142
0.41855,0.063204
0.41865,0.063189
0.41875,0.063154
0.41885,0.063174
0.41895,0.063198
0.41904,0.06322
0.41914,0.063246
0.41924,0.06317
0.41934,0.06319
0.41943,0.063214
0.41953,0.063236
0.41963,0.063262
0.41973,0.063186
0.41982,0.063205
0.41992,0.06323
0.42002,0.063251
0.42012,0.063278
0.42021,0.063201
0.42031,0.063221
0.42041,0.063246
0.42051,0.063267
0.42061,0.063293
0.4207,0.063217
0.4208,0.063237
0.4209,0.063261
0.421,0.063283
0.42109,0.063309
0.42119,0.063233
0.42129,0.063253
0.42139,0.063277
0.42148,0.063299
0.42158,0.063325
0.42168,0.063249
0.42178,0.063268
0.42188,0.063293
0.42197,0.063314
0.42207,0.06334
0.42217,0.063264
0.42227,0.063284
0.42236,0.063308
0.42246,0.06333
0.42256,0.063356
0.42266,0.06328
0.42275,0.0633
0.42285,0.063324
0.42295,0.063346
0.42305,0.063372
0.42314,0.063296
0.42324,0.063316
0.42334,0.06334
0.42344,0.063361
0.42354,0.063387
0.42363,0.063312
0.42373,0.063331
0.42383,0.063356
0.42393,0.063377
0.42402,0.063403
0.42412,0.063327
0.42422,0.063347
0.42432,0.063371
0.42441,0.063393
0.42451,0.063419
0.42461,0.063343
0.42471,0.063363
0.4248,0.063387
0.4249,0.063408
0.425,0.063434
0.4251,0.063359
0.4252,0.063378
0.42529,0.063402
0.42539,0.063424
0.42549,0.06345
0.42559,0.063374
0.42568,0.063394
0.42578,0.063418
0.42588,0.06344
0.42598,0.063465
0.42607,0.06339
0.42617,0.06341
0.42627,0.063434
0.42637,0.063455
0.42646,0.063481
0.42656,0.063406
0.42666,0.063425
0.42676,0.063449
0.42686,0.063471
0.42695,0.063497
0.42705,0.063421
0.42715,0.063441
0.42725,0.063465
0.42734,0.063486
0.42744,0.063512
0.42754,0.063437
0.42764,0.063457
0.42773,0.063481
0.42783,0.063502
0.42793,0.063528
0.42803,0.063453
0.42813,0.063472
0.42822,0.063496
0.42832,0.063517
0.42842,0.063543
0.42852,0.063468
0.42861,0.063488
0.42871,0.063512
0.42881,0.063533
0.42891,0.063559
0.429,0.063484
0.4291,0.063503
0.4292,0.063527
0.4293,0.063549
0.42939,0.063574
0.42949,0.063499
0.42959,0.063519
0.42969,0.063543
0.42979,0.063564
0.42988,0.06359
0.42998,0.063515
0.43008,0.063534
0.43018,0.063558
0.43027,0.06358
0.43037,0.063605
0.43047,0.06353
0.43057,0.06355
0.43066,0.063574
0.43076,0.063595
0.43086,0.063621
0.43096,0.063546
0.43105,0.063565
0.43115,0.063589
0.43125,0.063611
0.43135,0.063636
0.43145,0.063561
0.43154,0.063581
0.43164,0.063605
0.43174,0.063626
0.43184,0.063652
0.43193,0.063577
0.43203,0.063596
0.43213,0.06362
0.43223,0.063641
0.43232,0.063667
0.43242,0.063592
0.43252,0.063612
0.43262,0.063636
0.43271,0.063657
0.43281,0.063682
0.43291,0.063608
0.43301,0.063627
0.43311,0.063651
0.4332,0.063672
0.4333,0.063698
0.4334,0.063623
0.4335,0.063643
0.43359,0.063667
0.43369,0.063688
0.43379,0.063713
0.43389,0.063639
0.43398,0.063658
0.43408,0.063682
0.43418,0.063703
0.43428,0.063729
0.43438,0.063654
0.43447,0.063674
0.43457,0.063697
0.43467,0.063719
0.43477,0.063744
0.43486,0.06367
0.43496,0.063689
0.43506,0.063713
0.43516,0.063734
0.43525,0.063759
0.43535,0.063685
0.43545,0.063705
0.43555,0.063728
0.43564,0.063749
0.43574,0.063775
0.43584,0.063701
0.43594,0.06372
0.43604,0.063744
0.43613,0.063765
0.43623,0.06379
0.43633,0.063716
0.43643,0.063735
0.43652,0.063759
0.43662,0.06378
0.43672,0.063806
0.43682,0.063731
0.43691,0.063751
0.43701,0.063774
0.43711,0.063795
0.43721,0.063821
0.4373,0.063747
0.4374,0.063766
0.4375,0.06379
0.4376,0.063811
0.4377,0.063836
0.43779,0.063762
0.43789,0.063782
0.43799,0.063805
0.43809,0.063826
0.43818,0.063852
0.43828,0.063778
0.43838,0.063797
0.43848,0.06382
0.43857,0.063841
0.43867,0.063867
0.43877,0.063793
0.43887,0.063812
0.43896,0.063836
0.43906,0.063857
0.43916,0.063882
0.43926,0.063808
0.43936,0.063828
0.43945,0.063851
0.43955,0.063872
0.43965,0.063897
0.43975,0.063824
0.43984,0.063843
0.43994,0.063866
0.44004,0.063887
0.44014,0.063913
0.44023,0.063839
0.44033,0.063858
0.44043,0.063882
0.44053,0.063903
0.44063,0.063928
0.44072,0.063854
0.44082,0.063873
0.44092,0.063897
0.44102,0.063918
0.44111,0.063943
0.44121,0.06387
0.44131,0.063889
0.44141,0.063912
0.4415,0.063933
0.4416,0.063958
0.4417,0.063885
0.4418,0.063904
0.44189,0.063927
0.44199,0.063948
0.44209,0.063974
0.44219,0.0639
0.44229,0.063919
0.44238,0.063943
0.44248,0.063964
0.44258,0.063989
0.44268,0.063915
0.44277,0.063935
0.44287,0.063958
0.44297,0.063979
0.44307,0.064004
0.44316,0.063931
0.44326,0.06395
0.44336,0.063973
0.44346,0.063994
0.44355,0.064019
0.44365,0.063946
0.44375,0.063965
0.44385,0.063988
0.44395,0.064009
0.44404,0.064034
0.44414,0.063961
0.44424,0.06398
0.44434,0.064004
0.44443,0.064024
0.44453,0.064049
0.44463,0.063976
0.44473,0.063995
0.44482,0.064019
0.44492,0.06404
0.44502,0.064065
0.44512,0.063992
0.44521,0.064011
0.44531,0.064034
0.44541,0.064055
0.44551,0.06408
0.44561,0.064007
0.4457,0.064026
0.4458,0.064049
0.4459,0.06407
0.446,0.064095
0.44609,0.064022
0.44619,0.064041
0.44629,0.064064
0.44639,0.064085
0.44648,0.06411
0.44658,0.064037
0.44668,0.064056
0.44678,0.064079
0.44688,0.0641
0.44697,0.064125
0.44707,0.064052
0.44717,0.064071
0.44727,0.064095
0.44736,0.064115
0.44746,0.06414
0.44756,0.064067
0.44766,0.064086
0.44775,0.06411
0.44785,0.06413
0.44795,0.064155
0.44805,0.064083
0.44814,0.064102
0.44824,0.064125
0.44834,0.064145
0.44844,0.06417
0.44854,0.064098
0.44863,0.064117
0.44873,0.06414
0.44883,0.064161
0.44893,0.064185
0.44902,0.064113
0.44912,0.064132
0.44922,0.064155
0.44932,0.064176
0.44941,0.064201
0.44951,0.064128
0.44961,0.064147
0.44971,0.06417
0.4498,0.064191
0.4499,0.064216
0.45,0.064143
0.4501,0.064162
0.4502,0.064185
0.45029,0.064206
0.45039,0.064231
0.45049,0.064158
0.45059,0.064177
0.45068,0.0642
0.45078,0.064221
0.45088,0.064246
0.45098,0.064173
0.45107,0.064192
0.45117,0.064215
0.45127,0.064236
0.45137,0.064261
0.45146,0.064188
0.45156,0.064207
0.45166,0.06423
0.45176,0.064251
0.45186,0.064276
0.45195,0.064203
0.45205,0.064222
0.45215,0.064245
0.45225,0.064266
0.45234,0.064291
0.45244,0.064218
0.45254,0.064237
0.45264,0.06426
0.45273,0.064281
0.45283,0.064306
0.45293,0.064233
0.45303,0.064252
0.45313,0.064275
0.45322,0.064296
0.45332,0.064321
0.45342,0.064248
0.45352,0.064267
0.45361,0.06429
0.45371,0.064311
0.45381,0.064336
0.45391,0.064263
0.454,0.064282
0.4541,0.064305
0.4542,0.064326
0.4543,0.06435
0.45439,0.064278
0.45449,0.064297
0.45459,0.06432
0.45469,0.064341
0.45479,0.064365
0.45488,0.064293
0.45498,0.064312
0.45508,0.064335
0.45518,0.064356
0.45527,0.06438
0.45537,0.064308
0.45547,0.064327
0.45557,0.06435
0.45566,0.064371
0.45576,0.064395
0.45586,0.064323
0.45596,0.064342
0.45605,0.064365
0.45615,0.064386
0.45625,0.06441
0.45635,0.064338
0.45645,0.064357
0.45654,0.06438
0.45664,0.0644
0.45674,0.064425
0.45684,0.064353
0.45693,0.064372
0.45703,0.064395
0.45713,0.064415
0.45723,0.06444
0.45732,0.064368
0.45742,0.064387
0.45752,0.06441
0.45762,0.06443
0.45771,0.064455
0.45781,0.064383
0.45791,0.064402
0.45801,0.064425
0.45811,0.064445
0.4582,0.06447
0.4583,0.064398
0.4584,0.064417
0.4585,0.06444
0.45859,0.06446
0.45869,0.064485
0.45879,0.064413
0.45889,0.064432
0.45898,0.064454
0.45908,0.064475
0.45918,0.064499
0.45928,0.064428
0.45938,0.064447
0.45947,0.064469
0.45957,0.06449
0.45967,0.064514
0.45977,0.064443
0.45986,0.064461
0.45996,0.064484
0.46006,0.064505
0.46016,0.064529
0.46025,0.064458
0.46035,0.064476
0.46045,0.064499
0.46055,0.064519
0.46064,0.064544
0.46074,0.064472
0.46084,0.064491
0.46094,0.064514
0.46104,0.064534
0.46113,0.064559
0.46123,0.064487
0.46133,0.064506
0.46143,0.064529
0.46152,0.064549
0.46162,0.064573
0.46172,0.064502
0.46182,0.064521
0.46191,0.064544
0.46201,0.064564
0.46211,0.064588
0.46221,0.064517
0.4623,0.064536
0.4624,0.064558
0.4625,0.064579
0.4626,0.064603
0.4627,0.064532
0.46279,0.06455
0.46289,0.064573
0.46299,0.064593
0.46309,0.064618
0.46318,0.064547
0.46328,0.064565
0.46338,0.064588
0.46348,0.064608
0.46357,0.064633
0.46367,0.064561
0.46377,0.06458
0.46387,0.064603
0.46396,0.064623
0.46406,0.064647
0.46416,0.064576
0.46426,0.064595
0.46436,0.064617
0.46445,0.064638
0.46455,0.064662
0.46465,0.064591
0.46475,0.06461
0.46484,0.064632
0.46494,0.064652
0.46504,0.064677
0.46514,0.064606
0.46523,0.064624
0.46533,0.064647
0.46543,0.064667
0.46553,0.064691
0.46563,0.064621
0.46572,0.064639
0.46582,0.064662
0.46592,0.064682
0.46602,0.064706
0.46611,0.064635
0.46621,0.064654
0.46631,0.064676
0.46641,0.064697
0.4665,0.064721
0.4666,0.06465
0.4667,0.064669
0.4668,0.064691
0.46689,0.064711
0.46699,0.064735
0.46709,0.064665
0.46719,0.064683
0.46729,0.064706
0.46738,0.064726
0.46748,0.06475
0.46758,0.06468
0.46768,0.064698
0.46777,0.06472
0.46787,0.064741
0.46797,0.064765
0.46807,0.064694
0.46816,0.064713
0.46826,0.064735
0.46836,0.064755
0.46846,0.064779
0.46855,0.064709
0.46865,0.064727
0.46875,0.06475
0.46885,0.06477
0.46895,0.064794
0.46904,0.064724
0.46914,0.064742
0.46924,0.064764
0.46934,0.064785
0.46943,0.064809
0.46953,0.064738
0.46963,0.064757
0.46973,0.064779
0.46982,0.064799
0.46992,0.064823
0.47002,0.064753
0.47012,0.064771
0.47021,0.064794
0.47031,0.064814
0.47041,0.064838
0.47051,0.064768
0.47061,0.064786
0.4707,0.064808
0.4708,0.064828
0.4709,0.064853
0.471,0.064782
0.47109,0.064801
0.47119,0.064823
0.47129,0.064843
0.47139,0.064867
0.47148,0.064797
0.47158,0.064815
0.47168,0.064838
0.47178,0.064858
0.47188,0.064882
0.47197,0.064812
0.47207,0.06483
0.47217,0.064852
0.47227,0.064872
0.47236,0.064896
0.47246,0.064826
0.47256,0.064844
0.47266,0.064867
0.47275,0.064887
0.47285,0.064911
0.47295,0.064841
0.47305,0.064859
0.47314,0.064881
0.47324,0.064901
0.47334,0.064925
0.47344,0.064855
0.47354,0.064874
0.47363,0.064896
0.47373,0.064916
0.47383,0.06494
0.47393,0.06487
0.47402,0.064888
0.47412,0.064911
0.47422,0.06493
0.47432,0.064954
0.47441,0.064885
0.47451,0.064903
0.47461,0.064925
0.47471,0.064945
0.4748,0.064969
0.4749,0.064899
0.475,0.064917
0.4751,0.06494
0.4752,0.06496
0.47529,0.064983
0.47539,0.064914
0.47549,0.064932
0.47559,0.064954
0.47568,0.064974
0.47578,0.064998
0.47588,0.064928
0.47598,0.064946
0.47607,0.064969
0.47617,0.064989
0.47627,0.065012
0.47637,0.064943
0.47646,0.064961
0.47656,0.064983
0.47666,0.065003
0.47676,0.065027
0.47686,0.064957
0.47695,0.064975
0.47705,0.064998
0.47715,0.065018
0.47725,0.065041
0.47734,0.064972
0.47744,0.06499
0.47754,0.065012
0.47764,0.065032
0.47773,0.065056
0.47783,0.064986
0.47793,0.065004
0.47803,0.065027
0.47813,0.065046
0.47822,0.06507
0.47832,0.065001
0.47842,0.065019
0.47852,0.065041
0.47861,0.065061
0.47871,0.065085
0.47881,0.065015
0.47891,0.065033
0.479,0.065056
0.4791,0.065075
0.4792,0.065099
0.4793,0.06503
0.47939,0.065048
0.47949,0.06507
0.47959,0.06509
0.47969,0.065114
0.47979,0.065044
0.47988,0.065062
0.47998,0.065084
0.48008,0.065104
0.48018,0.065128
0.48027,0.065059
0.48037,0.065077
0.48047,0.065099
0.48057,0.065119
0.48066,0.065142
0.48076,0.065073
0.48086,0.065091
0.48096,0.065113
0.48105,0.065133
0.48115,0.065157
0.48125,0.065088
0.48135,0.065106
0.48145,0.065128
0.48154,0.065147
0.48164,0.065171
0.48174,0.065102
0.48184,0.06512
0.48193,0.065142
0.48203,0.065162
0.48213,0.065186
0.48223,0.065116
0.48232,0.065134
0.48242,0.065157
0.48252,0.065176
0.48262,0.0652
0.48271,0.065131
0.48281,0.065149
0.48291,0.065171
0.48301,0.065191
0.48311,0.065214
0.4832,0.065145
0.4833,0.065163
0.4834,0.065185
0.4835,0.065205
0.48359,0.065229
0.48369,0.06516
0.48379,0.065178
0.48389,0.0652
0.48398,0.065219
0.48408,0.065243
0.48418,0.065174
0.48428,0.065192
0.48438,0.065214
0.48447,0.065234
0.48457,0.065257
0.48467,0.065188
0.48477,0.065206
0.48486,0.065228
0.48496,0.065248
0.48506,0.065272
0.48516,0.065203
0.48525,0.065221
0.48535,0.065243
0.48545,0.065262
0.48555,0.065286
0.48564,0.065217
0.48574,0.065235
0.48584,0.065257
0.48594,0.065277
0.48604,0.0653
0.48613,0.065231
0.48623,0.065249
0.48633,0.065271
0.48643,0.065291
0.48652,0.065314
0.48662,0.065246
0.48672,0.065264
0.48682,0.065286
0.48691,0.065305
0.48701,0.065329
0.48711,0.06526
0.48721,0.065278
0.4873,0.0653
0.4874,0.065319
0.4875,0.065343
0.4876,0.065274
0.4877,0.065292
0.48779,0.065314
0.48789,0.065334
0.48799,0.065357
0.48809,0.065289
0.48818,0.065307
0.48828,0.065329
0.48838,0.065348
0.48848,0.065371
0.48857,0.065303
0.48867,0.065321
0.48877,0.065343
0.48887,0.065362
0.48896,0.065386
0.48906,0.065317
0.48916,0.065335
0.48926,0.065357
0.48936,0.065377
0.48945,0.0654
0.48955,0.065332
0.48965,0.065349
0.48975,0.065371
0.48984,0.065391
0.48994,0.065414
0.49004,0.065346
0.49014,0.065364
0.49023,0.065386
0.49033,0.065405
0.49043,0.065428
0.49053,0.06536
0.49063,0.065378
0.49072,0.0654
0.49082,0.065419
0.49092,0.065443
0.49102,0.065374
0.49111,0.065392
0.49121,0.065414
0.49131,0.065433
0.49141,0.065457
0.4915,0.065389
0.4916,0.065406
0.4917,0.065428
0.4918,0.065448
0.49189,0.065471
0.49199,0.065403
0.49209,0.065421
0.49219,0.065442
0.49229,0.065462
0.49238,0.065485
0.49248,0.065417
0.49258,0.065435
0.49268,0.065457
0.49277,0.065476
0.49287,0.065499
0.49297,0.065431
0.49307,0.065449
0.49316,0.065471
0.49326,0.06549
0.49336,0.065513
0.49346,0.065446
0.49355,0.065463
0.49365,0.065485
0.49375,0.065504
0.49385,0.065528
0.49395,0.06546
0.49404,0.065477
0.49414,0.065499
0.49424,0.065518
0.49434,0.065542
0.49443,0.065474
0.49453,0.065492
0.49463,0.065513
0.49473,0.065533
0.49482,0.065556
0.49492,0.065488
0.49502,0.065506
0.49512,0.065527
0.49521,0.065547
0.49531,0.06557
0.49541,0.065502
0.49551,0.06552
0.49561,0.065542
0.4957,0.065561
0.4958,0.065584
0.4959,0.065516
0.496,0.065534
0.49609,0.065556
0.49619,0.065575
0.49629,0.065598
0.49639,0.065531
0.49648,0.065548
0.49658,0.06557
0.49668,0.065589
0.49678,0.065612
0.49688,0.065545
0.49697,0.065562
0.49707,0.065584
0.49717,0.065603
0.49727,0.065626
0.49736,0.065559
0.49746,0.065576
0.49756,0.065598
0.49766,0.065617
0.49775,0.06564
0.49785,0.065573
0.49795,0.065591
0.49805,0.065612
0.49814,0.065631
0.49824,0.065654
0.49834,0.065587
0.49844,0.065605
0.49854,0.065626
0.49863,0.065645
0.49873,0.065669
0.49883,0.065601
0.49893,0.065619
0.49902,0.06564
0.49912,0.065659
0.49922,0.065683
0.49932,0.065615
0.49941,0.065633
0.49951,0.065654
0.49961,0.065673
0.49971,0.065697
0.4998,0.065629
0.4999,0.065647
0.5,0.065668
